"alpha","encryptedVote","encryptedVoteSignature","id"
"2221916833621943183616627120432093478369215608788762878849798108025782154550161430755301747530602549855775173576056877649598930388068598884491080711599597254541729106068183669549879476812002996912851668791913562854723890688957945095255749317954702285374160199657993877307766748117113772881794115246157151259898302081143941959692490806342713108008157791061762013577125231817256509657500639883055748148675579802163017145347165790883077930909186298500760666510917363631443675504341320146092351584940304923047324975545234603848785485030772699708737873380762295087537846215316490846397131557457913506599420465808237839083421389180995885862649738228735611619557884545173791745323554380535856523758986296371984925260563054963633089696509536727731962340069004210795223175738879511687458990360198597013008440148187199992849249035766948910173445760665287605868901398413979041094237747823123911274489863144175490573580317727802585898278","AAABgQCKapC8TNqFnY6IlDs2YCSHD6mUYFSRAcuTIrZGIhSFBP5UMp5YFYLoVqslfOYZsDKBDNm07pyf5Pl/pBmR4ulvDr/FPSfxL12UPV1RpWAWhSiXNUo0r6OHPRLgwaVBuN0TPjuf06p/QjQzj/HLRUwSSQqFLEaQhrCJb963fQjA+1BQakcIPK1JYtK8WtpX9zkwFubIHAszbxFodoDZbJL6dP7lEgV5Ow4w28Rg6uZOmBoa5hAfRQzXDQ0ut2oectp/wcIgJUALB9XLkftww/kt3rsvR36cBQosl9mK8pkb1Zz5R8PfsYqwH/WMPahPmDNHnpCb+r6TsxkQfFcOV62x9s4WiOZoGs0qQ3QNE9hnp5qpEnXuPJTifabM/bmgwjGPzKhvm0QXeKoE/9xO7VnHUKmgtrLfZNuThusbwwGLzJw0vqvhjO34vxgjxmQYZCUdYU32q6ifVyzgT5wdUFwmVInBO9ec9dhPEg/qjfY9UmTFrYJLBqNrQFyWAqfVAXsAAAGAMIBlkS09I1+mMMUAO8zLxJikLKB+7zdRzMwgiLOqwGn3i9PeLvAFznftWoOcuc/pVtAORgGoQEt3fVU5CPLHPKwqG0GFaFbCZUxk1iu0vdE7Y0pjzKy1DXB0ZYCvGURR85+OxNuV+dxMBpWJxnt8wrPtKHb4NEam7cKyGPPpokBlJnwPvI8Rtzdb17AWMhlLtCBM16mTJ3fHireHgMo9Zsj1i8r+gxIssBcD3uF2w/+bEJTQcYTkth7gIjXaMm2z9L+/8FGNwbtntucua6AOKS9RBmYoljFWB3/9vwfCaowToZuXxt+mrDu88frw4AhrcGHbFqHp+YOiC287AfxSe2UUxeWRjOYAB22Cd5Bp9RP4UxkuF0Ug3EVatYiF1KpgX3Gzb8QSmV1BVZJF4caacJH+TcTCffl4gc0eCaAGFOjORm/r3Q9VgmDAiJGkxrODIp8f5IIVqvBe5HNRLfmG5DPC/1DOGkbHA3vGJulImqS2PHzDBcXqySD+6IwdocPw","MEQCICJHcwaDLb1e0R2PHCBLIdxwNo0FxUvvEntNY5ar4eQ/AiAHPEtZojf7O4yX7kpYNbJcqQYjh+WiIkXAl0MnT63zMQ==",1
"1903401827491141535508780831703203897471121132845033636678747403061119316171176818353293561308927619235053451334784727187048431011011467468700415074680233117278659236764457234878815982849309995753526891001413415428824288448177980051066014553971563574124722019019314179196047263429285452096773303317622975334254119576634051724558842940788336447411531402479878180927910877671690622070780720186823743543618913064221890725707771997318610662054933162781743633704900951135155012278028363788037110020085906372692768060135399815421088903348645332571780509028471156891001895945350010834572860104791516441747062458695382496350720618694217227100951492703461440304076722893474067968841151004284515611688295957690012157584701827001675329593371567502241587450290175629536949147142956017763817731351205359769459140941795629614512639430815696431523507963985915840205075181128650882374768840603014431825861842292046475927670579468324804155730","AAABgQCq6gu6rFT6wBluS15lpNsRgakFKK7X7VdHbM/xcar8WMzIcvt3fa8vTSRfeFgg0/739slr+ySwCcuT9iZQCkCh29u3yEALo8CLB5P7YGbSJAHpN3UkN5xcGra5Ek8jX9cnHAoOD5jl8CccEC4ZZrKAfu6RV+5xv6Sh2DkasOC5AfPnWU2n46oGYBCsjB6OBRpY3fIHrW6nZE9BWWvfNBi9ex963IRPAZvOwdsHz8BM83MPdfi2uijOYCZooVsY5jNNOBf5HiZn4lvXFLveEJcAK5h1Nq90mBYrmsxjamWxWXO0xwgEGkJ+9Kx4KHHyOeUTCWdCQPJBxkmE0V99CSyv5nW5y3fsCOaH++wl2rLil3E9Fx6BaLcXHhZ+8aG6ND8TFZIaI/QbGy7hKQL7NVDRTklKGDEmT2/Ms/c+d6RVWFGflaC7MYODX3RITtJyo02RddsoOZaqDXfI4nZfJcxDv8LiLlIrpNDg3wJgbuQ+IgJd6VkaT1yru9n9O1jqAhUAAAGAKoGQkhIo2L81cJ7UDakOcHCw8PdJ/jG1yVunKZ4J+XSSCQWsoCy/7kccIXyF49NZwQDGZcAGyMNPVtiWqr+VkoSIMYXY5JbR4DUYV6mjoO4ZPmY8WQjzpyf1ns73qTzVW+l/d96tRTvCkZb9XhRq4Gfz7GUDd73R/FKKpIkaYMuAW/tULJff3ozSiZ8tvrZNTGw/UHREMFBdWp4IPewSSNJTtPqlYLTL6AVIa3n4j9PN+qLkBVEEXVnAGdZ2x+mqOg+YO1KOrsXwBxAro70N4k0GUqs1LZ0x4agA3hc+JV7HNqtkJdShHzISXbvO6rYvj+bV/EVqdvGaR4tuC+EHunkcJZ84UrMzy2OOadnhHOFodJNNkntBE0CuK5lSQtWOTDTie6osXkpIG1Ulta+vcyx4sJL03pPkOUaGvuIIWw69nx2KxV5UMYZj16ERGku9KwvJFcD9ZGSjzCMwyEK9kU2ajrUfiYJo0oyoZ7UjNbzGJz2moo3InoJU02IGjdBD","MEQCIHHVUulsEVidy47CTH5TMdLeLZIkUUNsDMD75YVGjwcDAiA1+Y7WgQyNRfYG7ocmPPMkjGQaY02a9mEGejLNmXTAmQ==",2
"1956123835535809567069807909517633945600892036722803414581399658377096377907028906824798706980147983982010702435949532736204393650108116441403263406870126913434419688388480533898336892248815531433283930381136253793875723516245430339453605961535916285840144424522673754217552627901171510177359097401253885070147065482571838953546470960859374245228283128621090764088518580083256064708410257094663525447342457713462558366220359648088926861972093829714213136343518503566774924928494042505498898522394602393576931925243017467788725517953539394307613972190855078753278879065779639565428752131943280459093284937615056777267248274060847356656519222726100538804533510308649829334582164365988797215230473869098404350178518294876814144947415298380862837069906233056132866735907930104756740619575845127781026641453077187570059616329899855561831366394052198391023877111920885074530409724540405042476445531782801449170454157400985514984840","AAABgE5NVuoed2pZaRx48EzMnT5uoE8Nc7RlJ4E9sTExhs7QtMMTkTU73gVRG99yNX7NPva8t74Q0mOpnpkH5gNg15R7X3mNHG4Rjc/9gDrMtvVg2FvjsWMGuOrm5MW2ispQYSyMf4ytOyu3WOzwgl45e4G/3UqCcyev6kK+AfhyK+WNkd2qzoBcTmxMr5kSq6G9rAoxbErDSnXhWlGk1Q7RJyOU2j9wJbQyrPJMbfuTMH90HEXgFDxF7HP0jscpn4Px6YZXYfsd9zLtBcDa8NQ4RV1rz6iyMr03QuB38eUCJ3zPPC4Nd2fC3KOsX8aQddplWCYER/EsF4O3jW38S7S2TbhoFNibfCFobK2gAQ78ycTpIw1i4Au3zo7hs1xerpU17Ddl0Q2qz7KKgJ9JKoLSZARWmMvWVozAaYisxsWjVZYEq/yaz/S579Id1/KfbMieFRcmOboKB3PRHmBN3JTn73dBXJMGX9TKMP1XWUud9naS9v3Ys5fBeVTpbB0vbLXCXwAAAYEAqtO+sTXrt0ZxkczoJJXgrK7l47yP/P1p9HCK0Kw9u6Tnkfk7Vb5Ohx0QhDfDNAMqKGNL0A39zJMf5SQTA9Xq+kzWLKP0rdkT/FTlFNA6/y0b+XuseEbCzSiBq5gTL/bRvAGXQBOfyU8FC0X2SNhEJh6vsSIT4EcPgECGG+hj85IkwV6uLk9Sro+4qhOSL17May6ehRE98hVTgamwkeUkocDHChaCOTSrpjwXpZb7nr36VdHclGF8DA+6DSrSG9RWlkIguc4lMeGM8Uv3o76CusOOjtPTj/SuxTXRj21X1ENNmb3zAoXisG1W6LuRCsVLt0kZCxAsu94Wc5gs6Qk9Wx8b11NSSKN9MZWWqKUXIJDJRbzyb521OFGqumgM2DrxHYATcVrUQvOs5xleSSPpLhFGgDJwIN5V7MLi15FhSAHzz5P5quUptXml+oPFHblQ8rhBvs66VmOQG+hCdhJdizEfgMILlrUQDbyLs123FVDfVcMaXpFufdI2c2hXv4lv","MEUCIQCxEZ6zNDSio5kcfGOoOF4EeRRqM+kUBzSL1VxOFf2EOgIgc0W4b54Zup7b3vn+2tdIP0LHWtBm+Q1JRo+vhWU3pgk=",3
"2772078287574163791509935602361532925536350211735521655504085271586814222637511876640054978593066559354605058019479096082860492134382684049317371521415893713347270894847968918215019963509530308678320162198285814742961051231119956876265703291081065177771911020718322914174361370283257919026481772641485343091775427925188745380404290842701974101782622778903372498538646348408378767116730295100460510814081106951644356222453829689517218996500768573059591348923844505155623051040963995776055758319320796954130329436729111944733710894522704921506531779642147055753203659503558934141829363876312338825683514733804140264318229124329859140199550937904613137253560932451776367274394577636807798004709695123090009490496313975864023191783701266032306790186930329624792992095215182179251830616172023059263556672843290161231789486585040342608078543288570830050633930991765305900524731441624551018873065237062259086197667956782538493322101","AAABgQCxVa8dPNFQykKgrR2L2hk9I1gNJ/nw+SeFiLleb2rYB2RaELRHAO0FrBGnd4g0QlTxVhQbfTVICrbuIiT8McqtS3Ux5LgDaOzYupzyDi6XC78MVdgiXfwbpBT/rYcrkFm1+ssXsyVik3I0PcMkCL9KkYnIunGZZtetjeZ7+Li+/EDuvVbNMKUH1PVCqB89hBfNmCaBzzghuttYO7NBArVYFU2Ii+oawIfbpFh6GeAM1EWAUhaygG14FZ+ly9eM/ArkcLBRb15xIRx38bJsXJpY4E0IhmYg09uR/Vh0L+ArDEodhxn76fTbD/eYmI9xdzPcygB2PuBAlZp36MpqRZjaW1axaPlEzWotb90+VPc03pd1TmrppFxtLhYyxBCzprQsChmh7d7v0irLK12j1m/rGEtEPi00DaYwIIpdyE/AY/pyTY1KCY05rZXOjL3o4KByy/uMbFaS6nJAPxNQeuDP7AZVIoy1r67rdAjtg+vUjRbFXlP0jYgxBgPU9CmrkEEAAAGAHEYVf5Y+hPiauWRZbceXWUFEERvwJ5kY3oodMcUitZuqWUW+uTnfKnoqrr3JGxra1RVcZ1MMjxqPU3C3TnRhv9UxRA7Fwgt+xWt16NLFYkSsEjwH43kYRCdJv41WB/gdx9eG+KFzHlOMRZrY6nSDNlxT5c59ZgPu9QXBdDSfEncfD2o/AwY0LMZ9PtZH6C10l+HaCv+SI8MzpcZ+ZmfjwrG5XtM0cOI7UrD6zCOpAOAdTED0xLP9MsIHApNY+/Slf26jQ6H8l2H4ZsDn9GqFj8ErUy6zvAN317/tzZKnLKyguL4Zf5a8/45gux5+A70XL0I6lIsi6Eb+9W20c1qQwyxdef3NFqPspBqaWUS2znUIalW9UNfwvs+6sPv+FZrqQ+APhoxpF+TdEt14mPa3nItRM2Vy1nolSfVuWvFVEtPtNM6Y6pXS2Vf/FB+yQ6TNwsicHpKVnEk39xh1f40TP/B9Ng27+/D/U6RmLcVEh2J89VWA15KqCBBsEnKuhQzF","MEUCIGB4I9BhTwu80WRUvBVlr+n/I1YhMBuzUwl37RHaGBOlAiEAkL5JqLCel0CuMkkCpUl5NeXmv+THgRrPeJGSkslTA1s=",4
"961640541659881605967968078470499078062226310557726525730554587308980758027049773724793964557103540012046829834206488110265527587594776725287897873810109789592943930654341155512910934731468253237740476027808304479306499704489410029524469641796243572918483420281658848613274685371000501096101281109931536840920813166002844204937416459691611218494313946501482513394532890951680689609913661088160457532952774530252399817098829465190183625574581108830059341928442217388366648714705447507660272801458925017847775966441367193863145207558629280450870402708596960671134777048406775347526551188521689304000326092841708498932106090606538537779177768867631413725791266736965385040676738994518467355184941889249769490922558447995814758807138238933981533594263495020037104597219652000045068002877937705818083012856893586759935432972511011798610846643554192818271032694406670815224710515441179371987978048823065239888018605593107291242278","AAABgFsPQH4aM7OIjijv4/p5KtSZavclKbvFb4Pls7gjqLTg6ZP14cJh66xnpRHeZ+omVR930fLnUIUtmfYezyUmnyQgin9mVwwftKy6L/y6lDceJ0zoXS1ogwkvwYEesjFyKo9cPK8Hn3/uyfYdj9cc3ouKuZaQ8wQnSpbVBF3dUGZ7NbancJatUQJ/1wL5rk2cdKlhROBaINPQPDWCDRVhwNU5ZlowXwLBpxe4NYCZ8cYnjQjJVpAzhFBhrJSa64XkdWjAiV4Fzpo+MteVjqRmNdkd63Fi+erce5lf58+C3RhisIkZNBiOtvh7sG3+/cBL/xXQxIQwfoGiCb8o0kunj6c30ieVf/IgasejxGP4UheLrq9eSR+l3L/Vt0mZxyFJoW3soFMhdJ1O56KCjSJjp2rQisb7nD/+XD5psNoXRY6TscigoOprQ+FF7fJnH3gpqgUNl5IiZfyriTrl4b74sppBiVE7owNhRVeMkZlmAh3IWBm8RuJ8tjD2Mh6WES3eQQAAAYB6frtCeu3g3HsobhJQXMA7WhdReQjFX4qlaIUtf6dD1POMfjTaOG/SVVuVNHTVYchLB/Pap3afH3QOM3WCyoDSBz4h66pjU2zl6iesoulkMQ22EH81A2jVYC4BOpMDx6SibH7gK4/ZpPx9wD9zrpABzNmV35cbBkdJtD8NAqpWaUqtSFCzxPiNcx0BTEF68iWpPvGD2Oc5q++FGHqu7I0tJHqLoUCIK9VQp4RsX8PhbHf3kfo4ybYfI+YQcIHDvRRizqrBL67z/W3jtaVzV+7NCBshqBG/Www+g3LM4Zg+5gnoLZxsG2tXxq83G1qZnwlFpiC/a2a46/0alM/EL/KVK/510iL9Vx+DLy92cymCeb3wcWSDP3yT6rFCRwjXVViEHF7bX/0er8hWBXpw9v9u/488OWpjFWqYcTgbXYUN13tfjO7OAXNb0oI2apYXyrUB+zL9K9yW7khXfDd1x2DCm6soMY8xBQvqjOKPqshq6xoEE/zFj7Rjuv/0Jtr/4FM=","MEUCIQC1NFTGy3VtKQv26BP+/eN6GsjthUWQBLpMut3/QUMIZwIgQaUFdGbfEC6+R909/BQW6lfjQ/gViEtaERl8kUq85NQ=",5
"1908290272222980776141597064690739265576084075059157298019638534007837639033782504477191510947614116468561993577595738190419981411250263953326442846142292488640699358558998476455193336245143371228627020452909745900239894598279279439902320727308542561083969846696574701721565695711335906544692845932954527512637048641652299268444833181022642767191814892594839725774225754820736551117931174051636031170719850484830447253756886601407882840871171805173610000586811422222907735436257686789684337598260651522428180362847068818813633641749792898437333457143333197379703628154365465135525015214449540641750641051763936052523205870408696570901609393318197038801959925387084280820010421725289929174185857125395685723591581780162990272417728455664007674624087570455174780909329087501297541118315561844397908830912657967712176635619139027246204564370433033692681011150940463810483438607918436025416403371336365523566552750402531991081652","AAABgGFNKttcExlm9i1ZZXwtru7PCyocK/f1+wAGr+Iph0JeLxPvqtT5PJ8sEqSMx+WA59xzJGuFBFwXEHpLFutzAJGUMmA8l518CX4P+YD/QZNzMkVrNjxqdG4UErWaCkSAUDG7WbWeou1hIbXL1eGxCqWSIBN6rBKD5HkuWGFDN/VQ9asRDyNP0sAIJ4E5RKJDhcNXNbpEHMGn3X/Wa6Rk2Py/uzOHlcW3ORBOvHwDe4OsdCqd7548qyAcAMZtP7Oh5xdLKXlwmIgNgt6r0dgguebqhyQ9carmhMXnvvXRVUV+sRsH/ylhLixikWC7aHmePclSH7PcBJFFk4wUgxfZyG2a1XB9prcKqSiI8cakTIYM1TsOzwQ4i+pYFJfhDr+s3+iBcmy59irjsJopEEhJcsMRLFM5lLLLdzD3ZHdUE/V9eAQHzvPgfTsQCQCPeZVomYu2ayvm11AoB8pR4NExFiyEDIDcj0tilrAxdfUC+DGidTLuNhIxp6Sxp3HLbOW8nAAAAYBeYxxcNEZVpP6eitULdFS923Tu6QSJkZvmTBsw943zrHMAzkaQDNWwzNn1CGGuqkWi6WCNB6nHV7zSz5GFSwBgNPQj4487U5swqFhK+OSrXN1gbMRksl40j1gr7+/+g2g+8SjVhbZwFYYZ/WsnxO8BI0Qfows1OhuYyofKbaDOggqrEtofAwyEiEtpxqgurM3FVSxIyGf8TgKNDGF5SCPulr535J65Dxzk3/Q5cORyTfSJVmuPL6X8/n59F8LdKERfXInDDaTuf8ntgMbNIYb7Hfk1TJdvdj9+AjPFJBFmes1Rqoi0m/39rqZ8qMmrrX9aFKCRt/8MZGNE9yzabQfGYRvzEgjOIuDJLhxMi7YGC63yal11iWM3fLk8J3TGRJgYZhv1PX0Kb6+TxvL3McuhJMMu6e4NldByxvoBzzwybgJM7VQa+wpGA4z0vnz4Xdf84Mtw8PGgV153cAN42SEHst6N0u98QHWQeJ6k4c+Voe9C6OmagLFAIMZ/qk2ubL4=","MEUCIBAjtuJ5fhDjN6UrP8Tk0JqdfeiPtZYe0ZwDzEGOtjM3AiEAjji9uBrOpIFpssJBTCROB28yhXutdwMvyFV2nnLEc1k=",6
"2946269413956987988786984509429666975799142103396948170460544966100026880960159122647935840114002386977632015638983567304122922313454855466124989274398525573059592054169721629699155358269055415277405858587385093733835653376586901512908715100859200912061741977019047222126854868073810922762808292361952619175240587496907786063259729450772100904465921925731576435631416741904244651259420963190517633735510660076847551670726453011905542735375711971102012973681993396445560983724083201427177763113822748887833594436495936800757766072691671573775252854624794126615157832679264760696571788561715751913363919526089420122783691049139606233836189055676390246311584988492825825683578632567785540230288024244388487712707740243341996964378629287281886341042152320653500730697070880688111511074802758228858772307645271437440499363200869019763189317228110087746625359469245114517271410880165530543586078606101473372457465623686203824278692","AAABgQCEfmYQLm4eKhvcvT7d5QmgLG2FiHw2QR9BXsJtPbE8Dhx5+ayf1qVajil3uupynIhYofkqsbxD3CEaCyxbUTQ6wKtPSrXo1OEIi4KrIBepREihACaiI19uh6Oes/NBd/A8sIK9ShSpVZGoYs1K0VMIaMfhziHAWfao2foq8lY1XK1mSc+MJSraYMBd9ZtsD8qcnWp0EmuczLaLdp1mfswo8JumU63CbuLvev9RkXCN6Ue5PwoK0JRn5xFyfxGqMWyq0cB+4vIPijv2pgGnX7kEOVql2BTJuuTRcCUtK9480h/M3k5j0KNyfgarFayEF2jIvpNdhkikGDCcB6bTdneBcmWZKqQqATEQwlufxGnzcMiai+9H6ztxB6cfzLfu7AGmDkLCQP/dRvtZTFtg+RWE1MzM6BRVrYEYb5bI/BCvsjoUpJPcSjlp0n+t5JEFMhngSkHVmNYnS2PNEWbeBb2QjeL/oCvJpxvjwO9Myt23bn92biWK4Q/DTtJhEdZMeaMAAAGAJD7qIUge6rRvA3KfEXEz1K8mDwIRNDb0BDABSPX/ZWOKc9JV970f6rfefAhtOewrOwSRh7iWtAQNFsznxpMGfP2YBpr7BkIn2sGlf8x2Cavt705MUCF6TKBL3xJ3YtUujqRDSV2pMr8GF9wxd9vUtvd6vh3gQgT7wiWhDKFS/wL6v0w14C45Zzmr/zGl1gCPamedFqigFRYi7W6Ks9ZIP5/bGy+1x/oKiDpn7fcqr1RzZ0zMeycb9HG2VnulAPMVMrkJncSODcaqlDk2+I0SefmaCzBW6awW3t2SIMXnU7k5kaYblDTa3DfLtkijRTlsMMveVwALTNIIQRct8h+fx9LPa5+VOP61qzoJHtZ/QshMvM//3ATu8cdhfxz/694Nc4CfWTogvvJopGZfrdMTJaCxvoYTCoYF6Vh4YY78hOsJ/XkCsZSrgqxnw587QkbWW266cpXQNTyEs4NErnIwpv2hhiAIigbuS/NhxusMJGSUlwo6BlMvWdIUIxwIu3yu","MEUCIAIv32id9aJ7IknVwgUWiZzBeAOEUSVAB2rv/u73CE6FAiEAs7M0Eg3QWI1nCgyv5CkHNeaN9lO8N8xcDCV3/QGVKTE=",7
"534091608593436709653484480043658595418303028198631092287771947249560120939861417172896180971779657720733196006245216735518211785734334879446663564965209993089630180094689689826147695203094963787466196034236322380315469718678063519820726866796679445006986730336148798734841625195247006011662616153335794678741331071621546917855193853650827357599657687812866753331349835043449448854885316485311080761931499532646020710844137641961612474983355034944568229240453524990311020894038126064307670301779647340179367895062329273253222694925365495588193944716319761366196835360409313378549007134104410210255765289916758211637363705685063471759887609211724215094343543401674233207072269808742526049880377211851861854799956467882857887253978586096236682243557174463529721414060571656313403140793732997549154907701422031118522846818738014576984470870922666236595264676815203041742091357281026084674923045470505741265793819423278524963212","AAABgGPdUWvoNUVkJlxgjEJkq8jDrTGsioLqBUYOGlqfg/sNpcLqKAjkzKA3Ga5km2IyR091HhUa6j8sT1FjH03QDSaJvsFV+TTL+oqDVVAgkDUJjpdfeTnaBC9LjkbnewSO94ly6BSvuJ5c548QEL7QttLxepy2wqDgpe6GaYlunfuyZSihFSGszuYzx5wTdXpWwpCzxyXNRmjiwoC0b/aUoVzoDQRwenS/ZlX2h4KxEMlMPxbOgc7mmEpe8RamN+rj11PIhLPyo8ToTi7OKjiLGa6n4SgbeLaWvEpz26GbYk1F9S+TMHmb825LuvBTvaMwGmp+6PjUJU8ZSghCDOsuGQI8GbfO1Tx6H1egqX8dbISaDNp6WymmJlQAr5VdVQWgmlben4/3FJqRFNvSI1uoN8rOe8gbqny71bzbOWV5MRFkLd3WO3eKLu3IeTHtnSutoVVl2X/0pDEQIuYkrWiqDCuTOHsF3pLHcZkzvvyT0MwX0FeNDDPugiJ9OY3t39eCZAAAAYEAm9FuDyuZuRXgpl+MvQfWuX/WpHxYqaYmZ+c/Uwriokcnly1/ZO8+p0TnPqKrW7uKiK/YDDgrvQF4jvAqPGlMvCVRfq/Gu634UQmW0Eg99tZbjXsf2I7WxruDOjHk3ajU9EeVSjYq9kTXix8l5lKw55DjCgZdGukjuM2QXIMIwd+nfgXF0JyIC8wg9Y6DDzEEg7W87d9VJYMJfB2qDKu+rmswrQxzYBAJNrjfaKfGdf+HG6R8S67rW5eHRNZKaIGAi4WGh4ndCClzCGmfZQqMKwzpHEPuzUpZLYB8q5dY0s36MwUVAQ6JIUZox3ygj84biYn0lLE6QBJ8kleCJqqlatTdHWKeNFzY7ZE437dzbqD54rhzym6sRxa/cDkmrgX2AHFyrjF0aye7bnxw4+X8gh5IseyQ81DM1WvnhBt0+cXuiu4QYCF2eOI1RBQX51hkirNyhV+LcHzGS+zqwGuf0acyyYLk0+eNuS1dT4QYJMk2egtrZbZhWeiKGAToLjv3","MEQCICZc/A6nx0+STSOwDewJWe3b8gYuxPS8D3JdZcTZ2W+OAiBZ9HSpunftUuQdO3BfeMLwsWKXgmPFWgZTe+N6yivt8g==",8
"3705072967134634913284928952579156927872318522722088281029946856270870222957305571802109772202673166453855038978117696435089670870594299714837776355425276167525671181733713182436886992736362375828887783862193015211712201363926319818889977041836289241643608293283772767911420797986399488164313033335534149155512453943984916235429428185579072648784005546275313773879633179115352252248072599569282638733829679791545192149413306903253176597273408547887866479209560623041661366271645002862718117528479440360430153073906980330587541026903050174988642198992616497661236616191839084333742673129103073046865603103460122307455118694057245019079501524068719374261087641638579489563725343653987230023516694162245323259723835437073551226228264519590737462601267000573897415116232437529844805794727834188803438795779228356959834925515175324483166725488423374468019106107367012081992840262672665207921906408261205019504935600752570021041573","AAABgQC05oZKmnnjEN0kUZzwA+gzzt4HsydK5KmPVL9LV1TyOTrDSBwQAOYvx8BQB4SG0yXp3CNgqp1lj32HX006Kn38ixURShBuq+xk66iU/0wh+ZjQXuMXFMd9Q147W5W5tDIbaHLP46q1vtOhxBatT3F2zvBSYk2ssWxi4bumQSps+78Dij1UN9BbfCsqIQiyECi41aBdgVlq1dbOn2EYHqiw9QQeyzUgJ50gWR2NGgpHUONQY7VIXbGhFLvSwhwm7h8D56B4X7W5ypZD8TAI5wJvrSzh7Ya1ZRwnpIo7UDcaLdjTIx2RFAOCtLYfiOumJ7s0QiLMbwfAdc7EeZt5YRR280QdDhudhaME2rAWp6Xwl3cY0AeQrLxWGCyIxyow3KXsMPQuaIdYjEJX9STXgXiY37Dj8B5pPQPEix/BtWmS7LGNDqVKCKAcByO5ykckYy+MUJcp7JbuJJxdNeYKqL8eJF850bTXlDqhDDZM9ZarCQVEx3FiFRC5CLUocOWM+oIAAAGBAK53WaXe8KVOzVenf7sZ3L9LUpDimk77dgAu7egsDdlsntebHSgiUhi1GyjIRFtOukJz0HmnQzvUfPX4+ZlHMVOK33e64mP3eOqD7qqSwY0ej2HSMCMGZOl53bCj8hh2TAFOCuR2DS4kt/XfDgf6JEvZwCBiV/7L8VVGzdK1uehhK9o4bTDrmykHmltejXCXiiJMThxzxu1WWrjbHRMZ7EvQNmKN1f19w7mi9y3Lfbpl4D0lrZs3UbZOG1whmRZqroPZVVFomrNpGYT6BrriLbsSi4G3uJyDpRZr7QYFX/qEjQHYKhTHFVaSBDTPajqkX5Z5F3GIL67KaRNZCtCbZA9yG42div0N4sc5EaHvMgmXfahg0STWpfo2EBacBhu82Eext7aPbuwSzzUE9YnpuQJx3wlYH7hSXVZo6L+3xthXk4S3q6BPj5ddV13yGNv/YieUPiupD1OYmBgIuvbv6wfDpLFByQcYc2A8dlCl3lG2eSGS3/MjHlx/bifc4mZV7w==","MEUCIQCJQTUEl4VHIcQMxQenmigWlSCMjovgdb2cMpbRoP8nWgIgLnJkbbabw9moTGXDNAOpEsgYRc86OLmzLNvPtXe3X0Y=",9
"688081914911617053096119150602354062671248584273042610042793439666445520366871759217630142285124705563370418949282180530541209493842136918125641364126628661796385429599435167628882944642559548257230569419424720920396175692627017620208264129598263708120630893731489201019807444601018679034412325025199654109997547809774214079105854692386478886070773743960657561374843733174427250637493888883045321892675303494116148528683548175510021700285022370194413294861670266591384266757304052253816828921522427847924093039297396058455459858651166145504034585854576962542023146544451551097805534838229173497437581566946745363167815823593835375300850309136961036235157397741649153832772641887621763520904324835702906168764361914297267467602518432343807996954298330555271862012073182105767308118791117129471710419706029522442650970509437502714275916313312186399132481755993017799768099780939246296533848516840993119097987066981141741921120","AAABgQCcZNWPg+naSF/sGF5yp/metfGBTVtqqhPJVgvhSBSguNx6C7nN5HAi3WuU40rr+TXipFg5N8gxKDs710oiXTwY6PAYJYMsTyufUtWdLt2NFn5WfFOzlWr1ZN4luGOjDgenwsDHJnEDgNMOspa7nWPUQ4sQc1DhViSnvEoLgqtQF0X2FMECuS6aZ2uDvrUQkXtqFsVC3mV2XRHxULmL4sQoUyVPdIExZAKmhyISooITVqa358cf/lk+iBg1ghLHsQfhCV9O/TtqRZh0hFliJFb+Db20bd3Gn4BZmhnfLj11Dy4RgQP++Z4nYFdxesz0yG9IyuJQoAWJGW/gw47O7X5TUovaKUMHfDY9Em08d/GDZqj41ZMxUcGc/1Zk26IZX5xeiSdYwoRKArTOwI/k2ikw2V2+yKau+DCOfeIk3ir7JUbi+aVbX53Na4ubu7AxyDwnOGe71Etk/GTcRrCc84vO90EQVfDN9uLR8Rvwa/l0q3l8ExLrf3MGQxEga1CTXJcAAAGBALUnhmSpBy6l9lqZK61LpMY+ZiFWM91sP8wmV9pkN03xKi3TIMzGbeF5Juuh570LJDyYbRDucWBJKBoF98++xUcpyaefWnuZPwmIqgeItvpxzBq4C9qNB+fRE72P/7h1jxKzVFdZh2aMH3c5jWcETy3uT+LMXR3CNtiBkTtjmgJOjL8AthXpR9IbISwiA0qakTUTCoHDMWSMwesFhccnQEz+Uqlvs/JCXnydcDrU9zV1ozNVZD7sUl43oMkynwWdznCkgjwn9/587s+MT8GzAEJGwF4mo2U52VOu4woaGAtMPhiW8mxaFsK8YgzBQi1+ZUBCiUE2qX2Y6lCMz2kFhqY/XaEWWA73kNk292HHfDlByWA2X9+JEmO3xm7KX5gDV1BGRww4yFQS3cwedk9jbeYG0etQwGkXMB9ll6kqsMxTgnPZpy0K9wSkRLiYOdCvOx7+NHR9lbnAcQPvj3BengtIttRinfTYOCUa99ikvwdhddrIXPxxYAFUKD58ERX66Q==","MEQCIDNUP+NDCOvC8CHSvxsSdh15MQI2OnnazWE6Wi26mC7yAiA4LCencHwkoEEzxxOmL3O69ikVfmCdM4ewLx9jZbq2pg==",10