"encryptedTrackerNumberInGroup","trackerNumber","trackerNumberInGroup"
"AAABgGZNH52tTLMTTI1ZA54abRcNTQDwHmTD1tMuAA4IUTNhJ3ypWHKop3HrXvqUgu7V8TntUDUuoI9xwV8phtYjzo4gSe/ivf/kBsKUEYaiK1AwwJtTAMUscyxofVvvXLJgD07HXBcK4trHZSJwk8lvk5h0YUHftUHNjxQ5xqbyL5zi1UJ/srXV5vAUhLTT7B+HDMBdpVuQIftEJEIJnnMvmyiQE0Af6I/cx3LjAdSgurAYi4EA4SZH8HurhEKpJkikW14s1YOoxF/P6VIJRlyllaBs5+nzrI3WTJHMdRvKz5lGlAVKsAx4TpEvcqiyKTwDBmCZdOf7fgw9hTWou+nqyDKyBSyfDTvN5wUrkkfPsUvFVk3HlEA585xoAwdBwuAS5mQbJS3ZDJWEhJ0hckdas+VT6BMsEVxCaz+rl52PsEqj1EnLgPuC1qoNggJbKzPexJZKiI3WAHCLf0U0I5k7qcB2dVU1KGdXg8k/8C1WpN9tO4u8KimoBKLYrwzfqtDXtAAAAYBNTkYPWnFf0fhjSdTeASr+iLePdUlss4sz0jzG4e80IbQ/REXdQD8Pz15drxQpyC62Kx3stIqGzbbXQmZj5LHRoASjKR6Bp5Y4EAJFSjQZH39QaBHxe2ZAR/HHUNKQ1ivrOjS6xxJpuoAqE2LCzPx1nlkKO4BKvWGEhqIxVzOUN+66cwfhsDSuCg/QFtqs18hFaYv8cF9thha1W0k/2xk/Ca3aNXYLH5IrIQvR21VGb+UXFspNNpbrXOq3dd9SsWCWJ0QeCLb9cXBOqIWb7i5rGaeu8GspJXA+vYK82NL5bcHctUAoYEFpTA1zd35X76+nHefLQ+Luc5JIqvF/gdRZPYKApmwcfo3UivDpK5Ks/yELZThiEbmK5wdqZBj6BUfS4pPw0gGxgL4DIOIPRpgMs6yiw/C23MZlZgdC0RqJhFKFzZyYx4/nGHKFlFXgrPRR20IAdrqeC8ScyTqBbY9An4LFgE1gJMX3KJGqWlFRH13kntkbhchGZ6sECU0+wuE=",59507533,"1869900788307593996197039036855412229616943687626822565995758556532500280317497008891528035553974444106799219172948331049983186623316013342961174975322274154646983436798163189409192578239296642303799762552548428065159685979612301007294668059182730220050157398821011437632380111735980047504715752591844692354540486808949639117435253402842205055294117505132876526737223011347682290170596358967733043774111072990456222560240109090061786730629903029311698254108396589934639160298398423923226245849971232910854745208321541782512845431350650276562920225483150438572976653237633163594106069812488929427025689002185906281465998955318984757417555845382426257213809380194174323015208745722194054014833347818091080099586488644277021418639645678556403685059420712849221286857577459841937991991865383448962393478133406585732057898423321049397589772255771845333180570734495750350826832595814047396549464593774170734424854659429125036810348"
"AAABgQCnL4qQ5NeFKuEADBPmqUuh+LDmKl4tcYnOueUyKvgJnKFVkZuZOAYQRYKnRWvh0/Ks2pA+futK1lajrNuVquKm8jrw8nujZH7NXsWyCpXkd7llBmS2ogHy8DN6V7o9FOLbMAH8LVYb5+FvtwnUqbqmTzMdA3ZtAWdpNh8Qfp4l9+SkJr7/IDh9GXhoWQi1EV30smLgYZymviHOAVfp5KLF975n6i52De2h9Sx5QRQK+FiTF9TWXH6Z+TEhIP3spIYO/VVvj+kbSpyBipmB7NaO6sNAP6ZMytA0++9QHAUHrjsRjHBenRgCC0QN5YOKWhaslBnWX9hm71B1Dxg1d2RALZ7KITq/0DoePz2tuCtKPtQLBwpa6tzwkdHnmOnTWRPjfEwUJ82cogHkjXHSZ5z9CYL88bnOBMbWak0RfQ5bH3a8iEdErJMAXj6jRGWc/e1D3qZmC7kFjwJD0odWgbl0+QKFl1pLim+0d5XPfmoJI2JwKPYdlYSIEZaaSpKrW7YAAAGAANzmK7o3bycMaTLZiR6E7ULGBgdfYJ/kVL4jxnYXLQgmJ/tlnM3au7dy/LN6+wJ6t/0KivttB10rWPOBB4WvtchHDDoXKrzreuwT7PoirAIHL3CpP5nbdeyoj68YjPTXEoq+htfzrsculJps8r21sT2fps5tRuvpzaLrEFcAQsfuGQmwqa6FY6P869h+nDY6S2a2daCLGNfybXGZY0M6brad4D5uCUDSYVVKW0K3phLwWj4zIC2csa6klsCaEcYwdcAXQsDLaA9tb8G2dzJy5VRv0L1L9PoBbeZHkYXaIaKVFjKzMTSGNdPE/cE42rQj8Ag9Qi0riWoL+O+xfI6ZBjm56NBSLiwuRgfgsMUeiPL6LkGcFNQFF2qdcM06d9tQoDqJxZCboojKwySV4CFk4tPJTsxS10lKAidtwcQqquN/orgbNHDNb+fnMcV+0KNnF5wiEtnFHVuT8Xd6SEs91rPyZhU+T0hB6ZEaKierE2UYBoNQVhZXXw+fJpoquk4Y",72442071,"1682695361920162450048590772275387125859460683609012889116120589619025406503824349927948678144751816036571105183972902476034964591132554639728400707733759489085234364549603249114890730589008596578492567909620005364734537442966905554987340218488292055583409578752913355671291927703059469886943223434485586716642270524670162717357150700157676485383486745158967443869671957170927226731678624335079188814417704153020037107611250134404921989103659818992903619502234224785711418192709734861958698289285935141882105784894969199329180949310476672234133891543441533643678050889825137305682850857820216301954239483113361118715255867594711301965796269085625007053575320888291117302894092620050104378313512125477315163909919731203588132592612839395092787481371362790074244465021895260641144142282001751414069981033978538084832803070036844277702150454795138136410774658181645622641318251603522374089913862103255387932275351214559739525681"
"AAABgQCjs8ezo4RMc/yFvogPj4iGUZKMNFTK1U1yGeu/+XvNcjistdNm4yfnNVmG++hnZAeTq+quaXThncTTk02J4V94MsB3CeWtEmcUWl+tPecSSMgkG8ek+OdlrqKS5ovTZfk9LgibDT5yG+SYkv59HXi907sXlMyJmsWvmERjygEilswxMCKQpKHK2Wg4Ynbz2YNN11gBNlJbqmNekXnvITwfMnEWamr6U8nv9JTTOvl5pXndbgP+87emZek26NsbQbMJ6xSvQpjrfLF0l7HfOk0IYLjxyhbyxJrN/7RyEXuH5OJXxmFYGmDj3RVJymcaei+aimbwOPWGPTGgKBCCBuaJuFTjCw9L0Ihp4Jzz4J6nAHEXLFqDQj7RSfKs4GrbzpZrXh6HHddVAdCfT/KjyOO8NgU1RGfVeuq/3i1IkMY+rB+fc6djn8xwKM2XkEkVDoZkuWpKGpVwaT3GhjZ1A8L6kXt3+ClIzQlLGkY/3X/D6mQEV9bIiOHgvcZWRa0jjHAAAAGBAKenaSamzROW+hBCibo3sdzwOmsXkh+pjRw+OB/J4jsKB8kbcUThK2y08w4uLO/8oENZUXQXt3FQNJT/b2j/kINfiNTYrm//0bTukXct7WprEm+xKmdPXd6KT8zhfNkp4FvBV3KXX305Oxg5GfgJYVY2n4vv43bdNt12xf0+xK0NqupzX2M8+8u0WUVmft9S9TMX0ruMpxf9i36cWCIELGykUxInSpFy0IbODu04+0AJj9WCA16U/7fdBkREFahx3jYvsC75CtEgCMsnqXAdpH/TBGlNMuoLwz4SBOqXBF9w08w19yYsfry+ieRJrx/HeS2Hp2dkRM7b2PRtCxibmdytdHjzyHzhfIw8z9l0vVaPMqUdhKgrqmM76k8GU1fsUCPlyqYKaKPV/7uqe3ynlMkV7KQArCu+mvcP68t8Z2KhrUIPC4GZWO8rYzzWyKePvcymi+VDp//+L/zEx50QPZcDGZMIJmjGolB2JQDaLU9uUQc1RM9YBkPvngrwMS8PYg==",97907107,"2596512744365613928698704839100151104052040880763132565839558280505288378517403182863906295876158107133286919127427283983395342478121741596627857517268945057129885447978413010929129461976451361426873069529691053918223230486445046762074070828399373858791096848461384433119777659568869983451038274922222930521725295658987285476857533466521209391538707622861406659976739075344648122519067362803317388324987916042499887218958130956762239159773832737361762701049758573776805189125221918147405027836352890412004887710416503694818854426475422647864532948733447124742345005516949980736596790579801832421142308509403213672297007561292181428659496264392417088328167447252244523390216033735586442691017938428712858533096566032359862271123018574231153554787740794263282088345304857468175554427162006678764141588006400251782900416455018211084365803570723239026017598530431490520853601726351519218462451738616121527089783872430225001815802"
"AAABgHt0gUzdsuLPkMWslBF5S+5cfcS9qxdK+9KqPcfL0ltlQp+i/d7sUdv3EpkC9aMHxWpKavMQ/yvndB9FW8s8DKTWi+4HobjH/J+5uG+m/4vFQNhoGKn6ewvDAoHVxpr8ofXpiBl0dKJdTGcOlZYDA+NHlfa/2/ctNAIENTeIoq8Q2wb5qbaf7kBhqNZlg0bgiaWBWr0NIKP3OnEt1UrZh7j2QP3mRHWNQT3xJB19oqIhF3iYeX1h4m3eE1dUYl+IU0atM4vOGI6r5lOXuvujKSrexRfjn+FIVZvdIVXGJfuULQBpDX2sBAxch+IseMBmsPPhQmNLPBC7wkDPkbmODslPHHypHt/ywc/pvNGA2NmZPZE1wTNLXsl/BxKnrn5FGclrFEn3AN9l/9C3CgOIGXrQYmzEVcZ/tyzhy9GEMaqZFjZpF2YfwTYrJUx7LicFMEAjV53mMfw7AsdSpGIYIxDyPFolAKNMbtNdALaKbO5PqKaY6HXs/zm+1vhny7oktwAAAYBL2Au/QdjAe34gNa50Y/lTfZ8TBBIcgbvfnsorfqd5yLE1jShN9REhmIo2tUvF8GQQt4DG05BInGvjpeC/HVtM4W9hlFD1JnXL+avwSvsjwBKWEWo890tbavuqlwt6Ac+sEvjr7J2qiHVahCEghxvF6/xxUF9V33eklToPmD6ArArXvxmr2+XbxtA2Pc3JJallB3DyzmNe6k6+tzGepKlmLjEZ9ckflA5m4mWY+6hol/J5s8/ndEaH6zbw8hdqLXsaFZZrz1LQGW5Dgg1YtiGUCn8AUTy5jO1xZjePJTRb/FlN+eWTnyDitck6tAIBKmnETSZafrJO9OeoCVBmXLupuUBR63Y94JbKaLR0rL/cv7znsFFT2iGiwi8M5X/8pF5GYTFFAXmxTuzekJqfgFTEbOql59hz5qN6Tqzd7ClWELqeQm0wBOxCLyj3bLmdTA4IEJnVWki9c2qqW1w09Qn8HM+CsLXkoqAHSnscJEptM6I+VBECWJK7B9NHF6o9OPc=",37540635,"319188577602969155448382750318454914859166269166006714125676364757475110491994303273794830935079425554620386205734130179990553565636050009571514359457883917671397270979751688171682232274942529390845743380488048011266449185830931119547560969886218121608090662702924016891521366000374742613577782330325017014190160088527921178483600722263632719539300673235822696431651025763001821930822489424988826385047777999563075632745010432775663096228948432609135611033669326778457213404227440562457840131682811434308337528336965088454266002643894641797687371752743361243617038933604547955179127162407589219431393749823624070046682886565810650117164784354574105229462539219346364944847615257751174788981921448743691426761436712850054527788836520390808642205572078959735673173130722748436053160109274176789597315999874714750868861913272570447080605989924898870227859919909535760880940919163875770796236180923384593451275534486448644163343"
"AAABgCxmeLtMuPPh94Osk4CI+63lF91o+YPR1W31a3xDRuGUjew/mWwvg5ZLihowffh2e5n4li82UKMvLddiaRw3fkwK6h4qgt0SCTH1Z8EMZItziplQZYZq7tGzpZTwax2ydEMeu+R4cL3ufnD8dkz+LWkqcm6YvMRA98L24WF7j5/5A/ah8Y+tJ/lm+hMUk9Yjy0Xrx/ZmYPkxDvKKPITq3moQ1GGmXUanAupklTTbr23KF+xR5/sZmzR+t3wQcBfdwdu1Z4vXg1Irgiu3I+kHCmceMWyHVBxWDZRd18zpd4YylyMGteO0r7UFZGuePUD09LYdUSNzR6GRafhNUD7xuBONC5m25Huby4YlsEFXUh9mEVT8woKi4hPpg8DTNWtCo60wfrqV96ZRj9b0iDTYg0y+V9Qf/Rnd2aYqFH+BOshWDFK7W5o0i6J0LYa+OhuRf9+YBBEWkooCRiBZD+OlZpMPfBlpEnla1OowUD4sGq5ZCZjEeRGrBbMiKJ6NGnLlpgAAAYBnCGlS55iz0Xayl8D1HDFppEDskJUSTN00XaLXaLqNmNVZJjBp8p/sM4/gMI3DnUIPr7xmPmW9LXDaGsoTqUGc2UxZS1uG5DPgnlxT3sAmmeJoPDCFQLcHYsG43OiAlQz6BMpeA5CwLmaIuBSU1+RgWrsXznxoZ2ZW2zym1AaaDuU2ifTP9xxdic9yWWTHZrtneaZmZR2p5iQKgnJ4QV7YQC6E/PFzEWciJOcwQ3nOBwwkoJD5EsetcPBAA4lY6Vg+7Y3fnHsbvPgIE1selC/lRpDtqSPCviSu+l6g4r54Un0qtFX2VFe5WKAz94tmzWcpOmiiHG1jiawmuCV0AEGywWAphtAB+Wva0J0Rmz5RypslmiWYPv2nJ5DJy2o5ruERBXjpKsrNBgUMsWOm11jkHqVGyFf9E1APWHa/+RxjN3m/pcAwzPBBWYv89PbFgHZHv4pTf2yMK+AMXcL4eQxWoxLIu05QwHoKLN+XfqMoZJhoGbqZ9e+cOrGNDILYhwk=",32072513,"3942143599283952800706608521247995331604967391326508234029729874343081942967735577899422372918314443286572232899919221962006018796404699763144879469283177033559010961739755985821298211247564645944192237783687133871651189102312002948764735077485439744306778278652001664951984361416463434982545375310694941910277607462564569167661162031993518807061737714731255180093545228027411084136837982874918582553366246120811959508373352574536651776651787731250322816953021746642041546610584509330257497082173847108597787186567241936646095577860367050086508498009567982315155267329710618502672346148755767830820480705445055284794931474326333622217676773530729520073210748129561359414283745341205724829592222207075003114610271062569522300361889343068066767942240262501044979593285740778819248140289747542755497623794647950925492188345938620004709391792562751603715579586516810021250806493444094104434517620119956157582579975915016637287245"
"AAABgFfUeheFnpVmXsx9NDWge4t1ks1jNJebw4Fp8ceQ7Eg2LgsXZKOQgcC64cCtxbAPbQoB/W3ObZMIEF1oa01HCsrHUMzwK7sjvB1hI8JAsPbl7xm6I/rIaFy97jr7uDk+O99C2zEZ5fuz1eu87XgfNvthiWeuUSRRPALR9LslZ2Hg5zgy5eSvwhBdDga/NK38CmA9BEyiRSN9kw8Eyc6Dr8uvadhyW2ahOJ27xZLicryCA95aF+TjE/DDucYSIPvZQaDD3Um4Jq558dd8aO2R9IDYl7SZ+yMO0xLlDaAr/+N9H1CwYmL74OM3/6LTjjPlTUWWunwb3Np3c+kSmjRNYkY/tQQ2KBHeLLAYDrZh2eGm4BG+g1nfSZRskqGFd2hQqegmZbkscR1XQr8hTkSxSNDL2bqfYycNdN/Qv7FK/kRgQ1XJ0g63/zbaRWd3gg6ORfe0nhgRZfsF0YbpxY3tqR4o2bu40iLiclLrAwZU1e/8qMI7OJndy8BMm6pVYhLiYwAAAYEAlhzErcjDZCQ0QHSMAz2HrFq4rs28/n7+hoGjoczJVvtuvjUdfBCtBNYfgZuM2qXBsweFqLE2VSksLzG855hUmvgFIPy9PZM/n8yhHuw5vyWCIM6IuB4lRQfvoTsRURU9zFRwY7HruuROueeHvdYStT0qfM9o9zqKHPt0x7Ot9B4nA+i4ggne+r+Rki6cIS/EzJR3abTqjJ5gf7V8Z+44M4c10nh/LcikeX3Sfz3IT9MWwtTCottkFQGzpuNe+Zo2vylrmQy0R49UiV6x7oPcyLs3NdPO37T+T8Du3eWB8TphJmqDCpPkhPt7aJbyNHPKMuL57ZfnwVThTWo4qBgB6DjqUe4VCxhT8olQaq2QcqXD4unB3HfYHW94Xe2Tm1EPu5VKc0dYP9TaFzh85GP5H4HH01i5E7ITYeoZ/jVyw9Z9zaPGkYBVizOif8Jy8O/LW84ZEYhj1o/8zR13Cq6b/4oMEHpUYxeYx69Mo9ykqVzw95lZMRcKAYXP9NGD6987",51604795,"2610103051586170860506248917752954024957539619113775575961957284635093907687675049285304698628532448033124516216635027968185801843830829841575768702673341191133262882049949412253862981683832446780496693284137439528323602391267616288692172959353165747142328849776475291524319000663848349029902201420331461075652336561470504753414742403712807253192911885135906438498786898242802622778893282314105007202186099558806391092597140748888220685103855579780614486495479586778087416803993859119152591691956238110887343147031556629864394905315746163999588929836252883196624556367432055836029302219181461080520775759135628678176190057397087740197932064923481953672635267689103555695745202744314007309575170701415441925342918628736636545730356966464622700958660106058969306364390205871465755822624744519809543639961210133451141180518743092028699397447637166129924472031388947341420494606259787026188836019577320105180398061690716797193101"
"AAABgQCnh/qjemr7PYpVE1Vb0f2RUvfKlymB0hKhcjN8iMSA/wV80BzzIYMZmJYTmYdQE5L1K0qXFfMH9ToKT8RylWvx1NHAQ2JPO4cAM49O1LjglAFmhjAYBHPZwIOk1dqHEghf1jEvx+oxmnC6kwe7WlqSbmhsgYJd/Nq1ZWKko4oD/O4wVx9zhQOHgknagQpQ6Vpcpd6x0kaiv9QBBt0l3e3ej8z8W+HV18HCns3KeeUa7bhQLqtTCfZo0Mdik81UrKNCHYmiGtNfzzb30fTmNDvsgNVbD9QNUEXMeVP5FqYtMnUslzTx2Un5hwRzSZ4ThCFKKSQw01G48az5xEG/B50sJIUYTJgIh4nKNIjVQcuGhXt4Msuqm8qTa7Nfs8KCbQEYtwmZzbpymiUJ73fti/ss1x6LMUJdRO4B3ndaeqE9RRtAn0Qeldm+scoiuZzehZQY5ukQnpQ+pM6kZKGRRrkWzweRTL3fsgqA3EC4Flzg553KIgAncMzrAiwV4wuAZMQAAAGAU+IcpI9/R6AltN4EO9otNeWfgHDvZggMTp02iHiRazXOJlewt1UBNlyIO6g/j1NZqUkvfBPq1j/4RRzFXkJZBQ+SVXJBjt/f88qJqFgV72UXALOfALC4yHkPbfDjlk3zsFLS3TfLIxdDa7ENrxuz7dAZ9cc+LlExO9mjsVAwKkUKJy3OeGimLpvzowLR5wKfscCkdhDILgfWjtK6VMci3zSDM32YfcfH4H8RpBeKkwuivV4qWbkcKdxAP/0Kp56y9JT12vPZI6btCPmP2Vll0Rfxe9g3kTvy4XKbl7kIh7kXopq9mDj9fKI5QEnG/S+3yoiRFZyaf/T2j1wkMXETOWxh+Ws0lxRUcsisc+zoWDZ+kwvcL2WfqaSRd1stv4lPbmlFNwtI6eKklR5SHqp+0HXS0k3Mzle6SocGRaAdVOWbbnvaufdbcft+MbbCNCH7tgS/plJ+VXz6idUsuukp00LYmM9Eke7jyQ8A58fIGKioraSNDV//9HOC0iA21PKR",53988062,"3332658845403610409786286086355785575790179485611740406187256963120734977218413402583025551658018469496060420513660032061192852489581554743111091149259687446986690328309294256481527363031614414453876883110373337618912373883120169062651138835237276205846769457628489951744944664439160953797948326387750960316109522805583391041311696511574873278091909280026046317933443521301137893352094666403071913239430729961923253492860728101384643414702168567285757533685490160465698245971517502193063754251172298634157218701929022897747889687607293294370035802898290277352350788080883452832575178911300465781221299303068865993658688692293649443082687232800820792411410709126207252923004085785941651462758124779743994785943855725847836030560872944674615549337017683979036388144361619386402716162266089852211927945210018019256912215234483732904230638874254137774584238087815617346555357932996054023768404116618907658972898838934336144521826"
"AAABgHXsz3i5t0Sjgn+U3RF1Bu3FmuuNxyO1Z+o9iRPI9kNXSllb/7IWCl8XaYoMNyQN0ElwDYAVt2/DUG8mMQxXG6ywdgn9T7VM4u7PfUNzR6e8J0C05WS2MUfm8/LIqIxcBDRmn7qF1Gmelg5NlvLwF8OCTT0ogZ32YG6PCcrPXaktA5d8Yo1Ysh/Su63Rb3Il8MBBZJFOEdumhO/cdbXDdn04VXi6PgoEu6fbS+5kUt/8jTFqWFNZzmyJgAFT60PERdYXvZyjptMJknRNaMDX4Zi91tgkFT7CpGhBC6TlaxsADPLbJ+OkfeboyGUWqrddaYqSG2SXsijzN3IPUdsInwrs3ckEIdxB0oRa/gLkDk45njCL6+lV1tYKqNFETqWYEbTIeugIYQ9piRdNsF1izsN4XdrmxD2ZWG7mQG1gO2CG7PKdQpX7Ws8qQB1Oyfd73PoW0mU/zygawW5kurECkGodvYNI+nd7B/1Ut5rE1xjCus9p0jAHpR6qas6sZCJX0AAAAYAGxkpOfbH6rducs77zY5QRw4NsTmPJUWK2mXw0IpwIV7Qwgmy6I3hIcN9GjybnYqe5zgCcEHTQd5NummGJidrr94yk9MF+NHXBDHNJxYYzTCmj97qViEfA+DUQXe9ryTVn7kdeNPTQ6sF2Xng7A5YHFKhEUmSIoSECI6SHAW36XGffcu95j9UTwKtjxUd3+kxS13KyI6nswWNhGlkdRApXgrBcGns7y5FHg0i6UmbgVjxHCdTZvsWWJu0TCMJjpfgWex8lDcwmvhKWgt0wPInfh26mm8n/2och2UNnPxlk4bYm20WphxEaIi28xJmM69yos78O6VLjPLerOYzV37R+0o4obDX/ZUFRF7/YRZHV+yQyIN2x6W2zMizqS5AlPwk6doteUOejAwMbK1IbF8HOVS0Hcvcc2V+LI5E8n21ha28pOlEL8YZPCejwc517hhICypXtBsl+YmZO3+3RxUpPNS4JPdWpfaP0AZRncjAPTH4CxfWxLxQ7cgwJDF/omsQ=",12850505,"1666519736745860884468665895322208197229181356406641429047474699777678629014633924342762742807376880345202995967306588773089123174971488373305013553122402062148545323015739479239503639662566312458560435897199045428996149599994816363786120514942660333139300645401833359245396611179023337485038543522275842622422186384768177134007574660614853117719711158759557848938122994179551885617084011251041800437571155409345623721965429548239251989156234365944126458666683585251955471187208059255264502105885131346960398148475167166846223313471737778705166353410473701487708790677884440744996832356609692921299002936220955563147819589927346491722935995742935283907049765812984749133151384431616397708544416008781865110357322352285796013297500373594652139187381792848143313376024282960236314394548660618354088388516086984909705272358527962723984930321393372546606154886514949014018638414150339034351107357044516937428375876649906003864399"
"AAABgDZtdGdR1bO5D1bWhd1mStiHJolIgvzawL+yc9Lh88+rdKd2giwMV1TDvGFMpOT+YOPqBRysXYQKZeb8/FKc2NVrgLgP/57sXMcX1hPnaT54Lgroc+PFqHZLbtFhpdm5wJywkvIPmkmr0Qsu4dpXG5/6TJjs931lavZz6+mVG/vreV1667/vfo6in2sO1qNGJ13GPBo67vL0fNIWsdSSBwGtJ9uZczP30JSdNSqlCKnxhO5DdsSNFaVpdNfqWcmukHtKdsG2EzwT1f3dpFerPrgpYqBYBd2oFozocPusuU4nt92Za4QY97Yd0w7oLDhFM/lhWVp9j46g/mdOtOrxNJe2mdXm39cSU4lwuaoYezDKewLu2m8mftFmHLvuscV1CgSzyWytQ5lz+4IKX/osEXYTOBXBZRBEcnL7wr4N5z3q9FUambm7Xtg1XOthMQsmofm01SIInurYXW2InlQ6oLHIjPn1dPdKhIYoKPfnL7hD4uSfAFKGKi/9gkQuxDYTiAAAAYBPl1GGK9h3jAFLDBxcVY0LVr0ipvHOnY2uoYLdJBBN6VE1/qm6fCYgBULVZgzT+BsrPafF/2wfJxrK59vGJ7CZk3NRSdv8PeDyC3mBvO8ygPt6HhhhSspQXniV7bNnFzaFFprkGBJ5GfCuCFta6XG3WPUnA4wjffgsB9k2BOPlkvbsB9TO9cXpLvgOkCSVlu0yrlX6CnJ+BqR9yQDiob+HwSr08tlAW+iRiMspPReYawyJdFXYatPsOGojBFUQ6yP1AAIddp8Md+cYdRwvkXoctzCZb/h61hT/16f7yzHf+ElQ+2+8tCuJe+z7q0Alo/+69QCwCCeynXUd7Gv/rt8C3O1BCpwpciNbDONRSZDwBYudqhnQDj/jxI8fdugmmdTqQlAxM+CtKdc+uPNdWR244WZaln14S+U5+dkt/4Z/I2XBydEGOhjQuqr5lmLe54m2h18djstQrZaPqcgn+/zSNzXx+tKE+SRP0MA66aNZJ17mqoPLbmE3sDnSGsSnBNk=",12353105,"3257475415807514866149702659746232683662453779761064806604878812755397459670108853244426884206803140862639549014096529129106420354684169541779606782435133447120375384534920518184348932376117137755354537491274625900057393787953346542118645400545219088462651851318814538616438922428405147176670062897403153424084888549987007830875250340882289996343575486893029613872896452730382857115279384753553329551145827261144130646088911404637427209168351773751727464438317220044581392910579168233917999495974121928523503540016993322339346507949831372122305072361731225135932651614629999978559896876704145709753153902006713660533155935452622153934736062934096269577461730202603709563451834551993559838260760090757992432789680946456611344007359939631053395091849613220441370500153374747722992944501109331355193835193329585832555875865921095484658503125848391656694051542517197921493740300719735281878488639461678706416228648204842149370511"
"AAABgCy2HU82VoBnMecMgsttZJ70PZS1hYSu9SPYdom6ZONwXABL7+9Vx0bu4fXBWRS11FME781smKB5llMkhnkNJvxKEwLREHgMzLynX/IdBMc4ZlBwQUGZNj/J8hTlSKMQ2VLogamP7RXxGJqBN09l+j9Bhsnzd91jvokFvw2x24AT3kZW3NutADnjExried14OKiyb6dy+ycuU4hjZ13CW15NieQ24lOUc++hdzI5X8FABdEBO33GheCFNxlSLRW67n2SVAHWG8lg/JSFeZJxZ22bpxdcByhVi0cHuuaI2tcPqs9YzqKvXIn77ew2QYeM4AbWjuN9TyHK9f5TMJhZ7m+/8zZu5eZ0ny0T1FmivdzYows5Jkygg542gbGIS1X2ueLCXRHxmFUzNJdnt9Al2xHKTAnU1ebHOo/gjfcWL8KRvEFw8FaXrAuElmqJz5MeeEbb1FN8QAKh/IB2jiYGZiPS2EtTl2G4Ylwc+ClEqX6iP+Y7t03KMYKtTOBPi9bllQAAAYEAijX5AFhbuCZqKwoMhiLd41RwchN3Bn0YDVMuy3dR55t555xkm8BE/qfswqnyYBYtd0xcwqxPyZ5qT+cpfcQ86ZeouOQTtcW/fMRiPwkwZVoUhBg9zGaQrs54eYi71rlt/8wowhebxpAAaBeIAjfVSXwpM8hx/wyXRSCF2BJ2nQfVki9rfbuSa2C9fSDwsONfakn2MeLxnRxZTTwOvPxrNIPa5pjuODUaSVz9VEH0LLUcWbW/r0s55q5vWdJidNhvhBDX8lsSi2vKqf9InuGqovDfu2doDv5IUgt8CtAyRbWE4tFI7x/zkvxpni3sYur5tXnj7JiMRWWRcx7fdKTN4EG1VYkuoHuNhwdR2QwLabuF0TMGXBNc3PQ/H+KyQ6wWeKiYaqzlc7O6bBgm7JHrqJc5K0EP1Xipo4fH5TCKaM4xUxDq/xDHASkjuG/yjyn6WBjWZva1MtKE2UYwThis0HRg+cpmfTEHlcocGkqP7ob3c6WwiwyvgqhPpji1SoMK",34136471,"2768944257393514885784376715971833476243897109645912256084650586871930904344124321216170168232134348699577740330354461928969908500973413469394880143030971426121040723546906106739520746996514546674151899136181998735492388668200031253430683367381881978099293759405987833563203438186854838931529396453277656602934324630910936110578905603379197681973416663117255835743010667146348295726865490558523252216842416385479495904539055068358343512301916014276335172689584313990352657879869708708270328835676208607361094573635150169179739459309234715327449009985985378740534588550167668524215640426468814121353874727551587835398724327611744620202666487598842762835541820167782468360765317348962939783928582814147777620096506297375795971293356071611740231517241614739045695984415130024180245932784214723749632071842978456345180278951834602878349622577020987851983476104441750504363409681671127381532337725296845928244625879417933988848286"
