"beta","encryptedTrackerNumberInGroup","publicKeySignature","publicKeyTrapdoor"
"2313948253298850025719638487118783252006297792274741141239714249623313367864014938323196790813872386929513684670248781555114943484222927195505155671282732597965018935341929219721555560989403773714738199366047432178625221836064690398095397033218086363131766264340473973017325554576417758345628869653833607109916460563723419244742643779370750467953141922141765348112048596522907089504807501938157516135490191352677377142921957589551813212408070194551080304035686672454178716645115320305077514716868962106027706645744709645046552815197986372234662122018750629881370907929882618573886269363742884174738779933556639024768167979912629653111905849559069645415296482413611000782846166606005855861902045497712374662112959186792107347321486284312433660957839437582710244353077870359848331701851105663527466363450800985021242408598129039654952658369617129610559680184105642878811325902189793005947358714110132191260707243695346376546575","AAABgCxg3TzsL3Ul65nVi8Fgn3cH79U+52q/cyK6QyKsmQXLDR8foCvvQjXvpxssPsJcD2KYux1uj4tr9TR0DxVGZtVLKfsX6W0d93c/AVGR4x2+NZe/5XoTngTnUEzk5US9DLsym4faFmBkgwIVGkY9nMYz8PqeONeMrIDqtAitbIRbRd6oIgYNcCdqVLm0IjvvA7TP+MdDS4LpFje5nEXVvpDXFN8GTrSnntGAw+4RtEsSMY755iTttPEq9IZkIveFAr8u9gLCHTaueFuvQ6iNb+XXmA+c0D0VlGDA2QWf8pXidYgfb50VY/XtfGgW/bxbB6t8+Puvex69DmoiOHbHKKl2DhKwuz8lHeH6yWdjGKxkPke8gVO51Gr3KCmDWyodETZJqGXg7b5m2/X2wCeDWSftFpFe3WnSN0T8an7i8fPQ8mXntlx1LIoSxFre3H687npnd9V/x+PkWFckqFuwTOsKQ2ZBHa7h5iU2pQOW+C4GXBmHpGTHKZ9WoGfoanfPoAAAAYEAnl44m5uXPpGHuNCvbnDITzqFmUVzbgGIH+MIqebbK9ED2Cx/QMcdxldh3Uuw547pPo6iGI6t6XqtKRe07k4ddW7bCvxlATVFRkSy96bH8x9+w6ogEMdGlzTK+Jczq7tfRj8Xf8od7bkfGituQJ9d5hgcVLVa31CElD/+YV4nT1kNnBssNhT+clbj+t6Ws8rGjOeyKWwR/f11ZiPIV4AuephNW5MzdJ/lKYLfdX7Jzq+uV2akAQiZ4ObVo1lDR7kM0DFLOrnBhr2knoNguy1KYtoYDUWlxirY4PvaOORFHm80qqqrtsAyBFWBi4QpBbS2xcY9tjFKZxmXFOPmzcFJpBwJyMOzHlUM80bPc1OB8fmfJvEDjXkOGFspIXVc70gHUFWVZWWSpowdt/Bf9bY+dAXBKWUUB/Rre8dyLSTDFo0Mtz6wUgl0aJ/S8X6VXY4LCbKj2FVFnglztwiyrIc57gOrixXkJYsCRxH4JagjP8e67ZyWDeB9l2fo74uNrubq","1760842414880977643882356660922541269306944248942631138177056210081417907752140761073296014906574869592004652855661494071250096908917553721408568586410645299730255229315263193307899232925236544285086643482495786682810569109812281506242205093269704967536040778919684923036899166544317984956879522796898172710797853741966530864665489071650668345612275259516034117529971488646674644270791549894851186487108937413258090443278239489159827445792209227506375066261550193391849964515424067116813594080655720242998535689971380300375612107218833069474458993360721830001811395472240787359714127915678750966113718972085186917515518556533637118027562054205362962351422756639286117399384340771907201061077530858801781457778736117621353373794415623846138566321336929717370803538573084179313873859057560099337751559505426382191097072423199564753164799314417586850396631588642075462670569513370102138423720026480159817598377537703615254092447","3093914767605486100423482919733970945468167963804902967026988583106954401000365303531371184566825001886539593303653559465054744565987430244162416640657983304540425450731627160900984643359323115000443264018805235341250041224204126059178511750565961850552251779614193201904139261690221878828845697938714128835945150559775291508870858142178198809793021663083119684609465290646878446240117484816798130966492586939537264152376146204450382220376714817790460973717071296134642744077009021269626025125321071165447248398828411634313856007668338173568227224750143857608705579679846887979898412795476367894473411209661182293362273733950288756689095318666915455409720207906735383256513959360465124634864429875764994396681057756782512671767717144570993209712903196045163811076373402394783324909266319359528353829160601077603122537354595345622070423070857963299666285968553873150573262436801111528545314660427394327221551355844188735954186"
"2953961774863644056472415681302432304012451095865107702966794364029383450474910395401914037655743863256256617181445177377529401837934772026973659827153786115179164429995285087102019911066309219398003950319992430601697527827134902118038093323771192482613164013824536564612453711167994511201223604259534478548190815376975317196480289088251522548542734131757308483645471555787079541484439586378187095426337142634063493591201426701025174994173331455006527695467657119508247282606748191158590208611288891894605184733528047278649079552931398900849932826608647993607534815780889278679959415776222059358845337851020861213009081771250663553490508439880140231592358985967187974435525699107995212095821603764067247150459764501019947972648041481887839105759675979478961447754220143856814835748409203948688214486964223112320401503121201382509911444973748627111328227289478196614455262128206355851231743642392685450652943377713007630517191","AAABgQCRoAankgCLELHhc/X/BlJNMcnXizscjO59LhzRy4uCPEvFTki1y91CJC40TtJS9ha1wcwNJpxlbc+8A22tYRks9rhxfR1atTGHFVMt1JwKlZbhWl/rnb8PhRSnsa2YY83XrfxRRKbq+Lb8GmiO7sHH9oAVzWY6kxxCIAuM5qPZr8n3t86vacYkN8bXMy2SPJszE2qKCTQJRCTzPsjd/gFdOS8UunhBojfvbazRRzE/cTCH3mJ1IreraQtPzavcQ1UGn7B/uJPKx3ZAAkvrjHpgzIrZwyMjR45fQnZuJNFn635W3VYElMZMr4/3CIikcJ8kOukkmFchlVQR4/KE2sdHq2ByD6wgV9gX1Th2/4h5UdgPyqegG2TxjUToPExtud4S6LNrYc8pzJTJnofdOtv3bn6m0I0GC08pq3kktTlEAoOa5sysQj2akZs09Sssj4f/8qSbHCzbXA1NhLUVj25IuZ5w5GLi8Lyg6FBz9g80gZOc3R7YSP8w2Oqk5yab7KgAAAGBAKM/E51uUqGGEG6Ipea4w2pzqGRD3d96R/ulgijVWsUJbBDTQUWs3Yeo1BFrNTNAO9q/VkjJfHTZyoCUEzruttCkpEH36uiWIzQwSEH96l9FDUJYNe3sqOlsScYMRsu5KUi5CNVsdB6XuKV0RKBfPDcOlUeU2ZN9P5569Tv2o3L7XsRCmvaLZxTY+XA57zHM4U8Qf5kFmHphdjNSJzW15a3Tjvedfyc32wBqJSkDW98rOuA1N2TcncLZxYYr1E6FGRBc2hLrb8VtSw0imyfNhXWikZV8I1eHgPx2TvrbFJiZmVL0p3I08KRedxcXgd2KrgbOWIiNaLon8Jyzx8+BuNIABpYkttDjGNBoVaMZUaGqdTx1sU6MpUSDMJO8/qjztJjJ1VRmX7dr2TF99zjEfQaPkGHli0zJzugWJ3l5TNaxwSlfqwm7p4XLTF3bH8XvyMdxMxSfdksVZpvxhBO2vBbdQxT3rh5o3Dhre1XyFaO4M/oZMFYaNdnV1AkjbUlEpg==","1307630649820830641055934420248646380494882636069319300221455798564451910937689240858204446930919798524614686147499514463681989475196849867772268711630567535882033092174511001782387842071245156915126938737970077896618313684825867154909731244126531843490945426974511280516525911193221492317214327773354890077130910718244946827939368147167838803417213006743247666423717087352342742477617980040615565282478021737659210406958402574198303682370759605222275068539847913436136290318879419582849642839273828158749331353965999806515896254276374486627618250635840893687641008361235862947641873791745440430726965381003637397877125196167168446902039180259998119961835694082452885304862315043023410312095006589499609258808621719503252316974566543652088498929313508556802312604150212640531700473942880933984210713952298141692984816639665084661851079564599463431167347347039916774810979493252142578493176359406857875961203225283080217807400","1644463129387159982341408797994259242849349408237082594583185641373339021190548262889028804415187379055237358317429294924387052219882104236894049668851476158281029998369936789324388891288036315750820214673069006906889911912390497410378671566035113870081740794965666909776304714505785920428063368242895417963466578484629718262714305232410032707263475588406679460348113728775233480207508171511500234332577602216834806363900617652862984925367149575185516786552849296528442870744264505325167538639642413916645588009090347903914633194222419179484120085500154493789546482178082366519864729069713033868410232714400033954609145823137019645016964749774966545018007535464721623697487248615626400659569776603069165620332651118709549879227453408386323302993285931819389453563862420898506608655865098997447255563985789793637496463846606167547301238468928537543121790270151500791721702651075369877843935476230345820014693210713973913509152"
"2026377372506974699321889923208854753993840688928089743899504642474203523653015198700935462690058451420090700820179462997015848641914388380952838932949167002297232915142419790686270698531611141899536997309540936580277106789469938590132886432273553914334581970151992758831475062794774554108179740070626311217779649576324852571719358213998200931718642652463993846101908423589027201124964473880196330596002481064041877600685976759952514787915680138147923949691971263946462683649692048606500863644209443624791737337480081210907102261494148927847239410999029144382779223081939561299359814837297196929207680448790297992713926276748311626846011418166598926898012482976693692929684293281290865944736788474837795831137374417582166452821797752446517141335000195133273482524452031571643686630762750727859943395467579974290718371967909765508243101420028261529050243576955652994485797213784829637905593866051780372684667888859431620551513","AAABgQC0IZiXPuCqgcO7OHdB4Cz0KJg78tLqB8nIvDMeEVSOfRy1IK9yMGhNbnYWqtL7MZUNIZ5WSfiPRJcsmNgy9/f1Mw5DdLzhaEMs09WvYwOaHUGjWMJHeGinwkpqDTA5wvRWqHg1cJ3yWmmsClgYcoBRFKNRWOKK7JRYdyTVjuH/WCb5veZjG6I7fEC7u0CRyO71qXzL9UgpmVlixzornRJVbCkzCK0kD9CsqpZplyFoELm+AXB8nvoSYOO6ylyTSwcXgiAYUxlp65uUrnnrtPfFuoqG50+ASJIuftEe6kYlLwnedZFWQhsap7oJTIKyhwdXmVNPSnYotmZ1RgZof/t9Ki0WpUO31OrPdJcag0DVwgXAhEur1zPIQPPjHkDCqI2a4bqtfJSL/jbtyv0lh9IleebXCQ/Fm5Y5oFHvMEzKKI7icz11OQJFpNvGJzWuvtp5WNGNrR7P90Js5CbHvzrg5Hi1SafU0F609C2vxwQDrgPmHdGjHwYNEXZH00OzUbEAAAGATZyHRPF2el728qQ6ZmFmeawAjvnDtyyBuGvQjdt982jdZ2TmUkEaVEmqX6ucp8r2qEvzKuydC6AYGi3hzwr+Ycs+ooMzENILssAIj67weYZNQ/rNzymj/uGmovqHKP1RdbeV9HRL7E4r1UA8/3d/8vsmDZ6rvn9j5Fn0X6g+PUf1vQz6szWm1KJ041AIAIGiMxgj3GhAGMIt1l9BRP7KkNDIdJdy3taQueSounajRX0oKWfqoIWevpOhMLoDaJt/ngQUJviicQ8DK3BpxxKbyHj/g8SKKT0XxwK+OD+NNsXmif63E0CAaNFx1B2cFq0ZH1n8+qHMFn/oCB4qCPHaull0ZmL4ayrN2UVwN+mk4JVB1NjGO5rYdN44Jmh+iNNtL/WzKv2K0/dLej9jyQYvOsBS/HwzduSDLdBUfSTZHot9jij89szluw3UH9/AQUxudN1nyEXINLY07s+05sV3/52at/66ZyyHaKbH8wWdl2j2qw3bm1BsmFw3yYd2VAJo","3487461861911052145117063152616046203852334682972409037749200708628049011998952360306303567027755284801148926299163722955767059641082721612916609208547881509937548861365933243045443737634226700072255273033196694095388813546394366360380272343019678301970489275159757583322819182793523954641056064825360351980637751909395229142940769061354295949821011888985920466813711658353700645752513862725864108917251172651267096629850705366752374063954133513918210625681579996992121772800190062229312712386717649277821703310866257120374387522759011252730638755599971612292710736841748900932836199695537994833290279376805706915400134476478713119348825285168753316917619664079422052532039934837298729512871038329358848132544027729331310444006515794438052068573083401344510353153352379856008670559361734400090281490903096359019660369982464033850976149576618576472260205341280263694073103249988043254554931022672612535652708707943205750629831","1933522415712751463577180157514777337318895744130248957463387956986408594896012485492217451493067274199903518164157436310925229186200835985282220563125779284397603685264978785666443883927836793871822549913219259922282348243422298596234593136344864688966970042239400319957938601671482161920149687927115198987505142935207298345966458796564317520111176793691863961054724241122075767731142053851956666096440333459938174330450937123064356738329933606613837728659272919629309885581614687186612921750529296219177733607390888921794864396850449446085837010564368225075151710564813827661128782386640652587271036493710342968510940766814651809136012746717593327882326285993112807492825838622582326378804420467545191223994976843614352212340886584655995535135490207893169588565126150856242967907941868337905997208640819508876183534002883009529503180777967141916802654805895044384783369945028950343029961500245029446990379718373267275752790"
"344411337903805420292474429522100202998751647609878202140833563482848508720012604009791004432252591635916482207599005587066653070832025401923437142210326007090211210621212473907711685863765781810821847244025593998544738341574724072355609650420952516621507268359470722653286800042644982105376031226620993580325349282116811438781517003854923179636950063695794303072742452451140333650198906121546856012715710918066136183653974700347974615376048112095455941487970016652626417876290335311727173646840670338659366884315508954148162837078393349370287993893712098526874487734671702360255022212604922222688468999997868251792874543803479945711473097445848743461569300604185485863861658854441539918926163008518782029086144388158673270926755008335753797532218242610329650389426657201190909235241352603093453935890748821574584676435072793312524504588010379207387384265562650110779031432720754594079346652339630319234083064326729661493897","AAABgQCzSUvWrFFKgcZ8z1Gn04oWjRj+ky06FScAAHEbzY+lBl+lo4e/6GzVIP1XegNtlAbesWuddjVf9D6PE8PGcD92h8V2QRNMO1o6ymcOCRTDxWnpmd58VRU+/Z2RsuJsFMyIsmCqz2SAGuuYRAyJk8PUkIFiJyeEPBExJkfrbL44qOYa9fgqu/5YJwFV9VlkVgJoIeEG9xltqUeLYXYANpttgZEZ+6gsUpGELZXY539/9YGF1i0y9Z2naGDXr3ywKDjwMp48dCfgwkebgC78k3SJjGntwQNZV57YTyFhjxezBzZ9kKawfsECdA7Li7LutasIcCSvHEjDEb5d6ZrSm/k786cNGn39Y41ei9VOP1JrN68bChgjn8TXMTaU8uLWWmQbNIfqWd+XKRQRXqTGCvZrP7VUq2R+2mtafbPxmrnt2d01q5ZODuB7a9fJkbeVCLUdsdNWYdBXCF+rObdRZEwfvz8cbmjpNKm+CHUvb0B0H0jiRlD54/KszomfXoiVK+EAAAGAKX4UhsXkWYXuwQ/w416+kgj78pgaFPMwt4hQJnjSRhPOxqBpG96uVZyrRpkNN/xMcDgp2YM+W2E2ORcgHtx7Lyda0iI0KTcP39KWXIKjTn2TCjzzEr1/VxdbnME8Wk+N3OxQB0xXn27GTFfDWJDV4tjVnPmC2TyrsCS+YGhbBBq18EmcbXxhmjIMZ7pTQ0nw1B8+ykJY6oARUzHil7Yq3RmBps1a2XUzKGpxBifVYuxRWdoEK0zHqVY4GZEpSPQELpm7bAi0scdFh2nmRJ18OQXD5e+32OaA929KRF6ujDyecpOBCkqNx2h1xZDwlz67UOJEpp/7nNo5xGuyOsjK+N1J0BUuNjXFb5uUjNvv8VZBJ2+uak2P/rEO6X5jX+YPX21EygAdJJQ193ZwLGmR8JqN6/u8IR6l1W5ZFjCqBjSTBFCzkB457oLE2M/Gd4cK4PiuPEOI6Qf+Pya7Hn/Rr9zikvoaDn4D8nhbns/sxV5Rzh+/zIZ90GFmpBdZGjk+","2499677149575113431496047516573124584756899536476099244692471501935365044438160946344153960460175141544477003173027826367965029290272620909325139045135869951927540299452268354192971095362239298109027819748981473587996291176404765660285686188570378932933451534555042024851626078007980579778943252392489860284115854507114095585166778124730203088710824996197290256065221017451022888671101134529368077254591338228519363654706361168463845677708616107362137967417905683659618496283558239083092899534282493496921114689691577269533093996335467842027626495491523624036731180318187850721290372145297132083310320976396018818597952755137096854495215882987301684146520250129637219426834255794392608383084432580783544476687839503418464489110640407896310130446488664487963222617507655341863190071208886844811240728931604457800702798078799231131920577769727632916428689286442640034624738626773778016565901374072724741093082081049260919370652","553644627674807598842970037049271237079270932966190782576180777248059957756057782404494896971670085182488335662922853955184713033937887178900519238599708559067919203924115901155103603619078790300841838023341246272597169667921458285890832444314739857374053091468086192212257951674239193762019725252616583461063910674948121695913567237649899400460971636530915133872208443347157964174236044070447653457407708048685776149889749469936602949019135043159671450474814462937446859985240571025307879697655570616949602303655421261356122358039968631392983025343342259888283175181277921219341305780985042106181449330697112257727342103078292456849101343776751063330549948090316340482215519785463871238231728280583121367622826163921894705635012946715167765397994306568059059990293127685578828423574713388978444472224616130670737910893599441367871827789690189084563368579124652448331568858854000748174254185376591997253390416570959044342454"
"2338020358098659175306690604950233401287956378506009294872079936213535709960563724658874564893255361059116903008327800809336133564549708949881408352098128729961022757069942424840951305671775202187966393844893480911759344166080995331957785875486646254724992899825751814034301688233001350174708882619426854383525369700821370893857581146233283997470638316001228637596092814520339021113068022481154816445087962001563199422557929001458057354516223036989557545290082801294064550110367312763961468891868399346902861497616643646356616186942441007582227603645287984598476978365729981216222010975534056864505360102429689799723336440895773256073272802261677653486059090000846539279536450588098257775052146426868606819056572746777937439301271909826555999421636757936339836326093118071488633631406864442728306449242982482545120793539897622333259411145262557796825289672221788367416646824719853518984353473574436857318964761317387852356466","AAABgB40BvFpuuRQ5y0wS3I+Cc2gDgPNp5+X17GJHDdFrnnu5Z9V8MQR3Tzbt/muTjKKQc+S+pQr4WCvby+JXPVFH8ijQwpNon7FlAr295RCBI1ag4cbqxSAG6aIrycNPEqtD4/cf2XRia/avAxmEkpLm9v9Y4m7ED8WI4KKXv5AaRuAV4WjdKNZ6C0IQyVjjODyL5yXPO1rRa1jwM7XAvGdl8HetZkNaEnjMBElSE5Gl2JTCY+IyM5vWlDfn8fwq5VngAGd2N/QP2FvgEa9TaKLlchImKz0fyG60DVAU3SNHtBczkASD/n3A1Jauc1DnZlsOT5jBavb0Lf68pM92dQc5PFITN6FN+UERu60oxLKjKmA6GLg8EAvwAf2AKf7cmY7DKzoALf14GEgt4gAxT2rTG+6oMDBWCqeQDD0uDlWB6px3Z1qRFX5+wm/Xiz7tj5MnAgqivWOafp8xHgT8F08uQVwDFq2VB4ncrQn5QWCA1uTqafhDNPbKzO9PtKYTG9SQgAAAYEAsyqz4qMbRZUsvrfIdE4CwaIVJB00Hul3UlRsnYCj4XlDEP2hvkFDKliaBAF1EXh5wX7QRfovoW/9+oi+Kl+jmpAiwG1UKiGRVdq2vbjdPgfoBEPg/1Rmbovy6AHM3/TQJ1RasoaN0wAxU4KnRW1aIcz7yNqxCKiOnBhXOt9uriYvqItvAdzTLWlImsE9OONYzFpFWo7cCtiqgbC16LgcxmdMBpRkDVvDfCFftCKbCNsPLspYCJ91rFHeOhrd+U5p13dDAQ0gHh6ZCNVQ8Jezxje7qwscEsHKiwt5eQCpiN4cZSBjoSeYEJB2ljpb6rIatlo+5dTkuoZ0x+TwB0aFPeQc4sa8D4df9K1RABly0TD5IMQOxbeI4TZSZsQ8SqirKZhaSk8Ql2p/tNFwMBZcPdt2JOkD5wSKbUfBCljppweGQ/46evWz97a6neUPS+jCRnsl/y7Zzr0KY44T6kownQlz2USelGGYPzRCSXNC3jmi0tUi4f0wnm4FSyPD5muT","2324642181694102674335681226543552208977806741120306543852662063478631410142615025882561699717746917140751122390204122573133134322435851693005039153266780150612498788313617151739088012455922326311046073523544429433488559108535454884530447059986660375763886716251628830941808195039361866591410352388057502214299248883253419358003835140540002947658761919142663968938542674489471226698214551174935486966977662717170771926840482327577418441463522653963025725793510363784195158112259269346263921191578965205918275438662782527344687855935395021775653063084219531163873166327324862650409265445549828483743833237196417200425453675799334908296861430088631228663449840300094443689863314036483753731676782083242443905705355254266266521098562565428947756550913365810473885878231646325033447371055772770286059421674073663165307318495266270524468773164856507916652118241672348115989679377221830062036146036761704170740471082912928078404966","1514173637889068631189305563120424517130376940325848090980476026778218152258294989937410706817992777625765709644721339489245127284106297646281294741125572680728275625031265838412466988537411838989741854599299110624724445732205884378367112416885802167725742365238131637384132233582825431989355289042335887418198443863643457182713579108217696438100727833587720630351717612154937120225788407784551840188462012114660119613065149376627744210820968220517439221096954404796092425695837270914134504773385582446398087421785298280244963381539420188287241655752433651049433150383835230111508410592728414862492642093997218644785690715121404743701584703715525873486273878952730065685031403537078723979591554581742793006538857611491180232293581178115001549405611153517236939196426850898792917431271023944634576294940693381948635437725759394680240526564129463293255624829887223440655735161905046054632672572668680352117288255882463438136983"
"3354503997175327081892279798613034677155233951056129202564156812546470845694375902020255454139056335922405980184960746112026289491079438200282853572996606458633489271984746127126340182886175400753207199058107701414159109205260516834532662639221817551769973377226913846839603377697650073995396467639687842772835506908664682353245172737109076024699846197240081566942226512216668183592588274322054111175231487292390373797085480755159214760437380501625298294829593770839530363762322986076023245523820184740600814139560243784587035433157835385795919353118649949600585413433990899265246818237075463403993188508515441490905370145049657995808266290944364696042233975004576568100471794111724776264466043439330717882775216757218623337597080393889685807445354185495751123373611598052350220780269837739743535424987472544075176770061336703938493444092717042546083471331741638592811292417032141236441684818401761687384796546732980994552643","AAABgQCgGKYRCyJssoI8XaA2O1Yt9g9Y4ciAk+FfQG+zQUjl8bGpbn5ppuHojrqNT91sXaDRGND6N08IOaLmez04G3nldiuqCj1coq9fDjNZLwyItnkxC7QlGV6uj6fBcF4v1uNz3b6vUUZzMmI4kCvuqPMuRI5pJlzUusuC3sAolUdvKiyOW3NUHii/xsUSTa2WENZYrTpzWX7PYwNOAvBUdVx5xSzgUH00JUzRnKO+BreRNsTbRKLEf7+OTsNSUAcOQXJtdTTeP5ljW5+RghUwp4NUcHiEmGjOuHib9WtYOBUAYr6WByHS8I4CAGxgf5KgVJpMlCQsllaL6dFZblC/HTtqdZWcmkdFYJ12HFjNgZsA39L3fuDzFbsP6GB9jsR1um30bmYhD8V8HIw81fbV1u00bsODXaYFcP9Se/6C5oz9FwdZZYhgTKzSa0mT4AqZV9cT2yN7D9I4TL9XjtDRHGYpGgq8UGXl/UoVi3oafNfmuFSQTigFQ0Bax68yVAWQeQAAAAGAU8pziKJ/3ynkL+Iz9KB1sZEANxr1QgCmW7a6glKpqnkYBF6ghvFTIcgx5yUDjLNgjII0npIft+V6CmDZV65008ABE1hvEvCnNFQNloWPu3Ml6k3CNiZNTNuPZBxPW4fUd5SB7IbrhI+jR7L6kpTDk1Y2wE92KnhUWH301f/oTyMX2gN0tJTeOP5YF3A7aybJreNdSQMhdtaN8HMj8sRzJVgHM7RaJn9QAK+a6x22suFSu502S9QT7rBpYRDRYitwIXUbc8yX1UBFF+a1n1ff4h8rkPvZq9xW8NeHKi+pJLQmm96y0PVkMnHSYtDkiIoHYVFdZrp6BIkFRoUq7JSlF2SopOWLnr0+h3hGa+karEasPjmZQdVnedTl/58Gt56XPOBQgE+nDk4vskCy/4TBV8b0mEaLz5/hiJGPpIFxuPhCxFdjIvb4CAJcJ/xVLvSQTJNE2QnEYUMLImA1MKcTat83J+FCwu7i/qNrHr/9vCJgaq43bMAq8VLd7PgORRmJ","843837483268965774793303885500283629561287783230637046516623550713949515363415164369466299568574919249573563628992235490037461706639576119491843301806127855297619493343513006253300459558045677324694257948404836373385376678568246638741425112135447313083833836227844498173667724619206725945373031252550395447646521222104402059905709508957444402926858205856552882739562403976844209064828072024056474299768356110187957645299885127808111792287507166061994486938139448119101678692164097225450269626796976100476593152781472712166253159941316844690357083024908822362780013846717931593102361472585099610084956577760674909306138509930622946774658743865257060778018429752370411888781721499849211415423142741733238158355210355112325063580239613092559673245355029918752148428238604268581938572298298042936498978410003916757288589795867645270785524137765411152945374874692219844940109927655231339978473019443971780104460833764057059645153","1025662390459176831707517317399251429890976165110711692181800355501435789052221516916033111765705080579320574412657196059202882286588315339358507369832824363657957536515660532026870671392773648051182692730934862636541128427355751914629987021593921047117512026662336190754208109111556056513179219585790110404229678061599126015529336462030817932977354056747084858097763416109131919097180667067922317582488891186542234282285088434588534364685330190957773764568851925558007842766225031165813724665618000739225212757156792655338346829917530817743295547059522020442035501168369328073388936131841908196063788471633638657779791057801969869185873767967527737155818242715751979197313960871531607044259688363037840853740906805213165124064469460814639559688092708530649220663681326583826595833452475493240042959414503190830951346895707767116633471491519799412583233395019862798739930380260055472064049320529736884712491431792008941965974"
"1637178215783067062059289732157369412364009673517623595924168842552351228998210250974106521700657133048646916009210413481028709684093362202648601566227911467402202588237941456188206275083513861476508231722159413737631284156473254992915438037096290295914193440759557675842864461986813570390805516914219962236511919209112453520530856717569536452781732992702275140103005348157845156335230057672790165139649552920838438946777663894972914869391015020446661533081603250625736926756933461638030548747805418975287798391168526549459303056811314408318828630595346503499214944113031562147636182227200563760781762801063243552426748989015353672933866879959049147252068293830882429879823703938687723814018594254671923899444477067297622896048467258227084630828874662015178802922869331532324710113924792864238102321472439378735496641257628053373678138685110615001629394752185182136175105020209815573973538491461030600328210186931046541781369","AAABgQCxWbqjXyPNA2SBEhsbT2a1X4h+LQ3uoVdzHizBRMECqw3IUF8kCzn4+Qlq/a3uGJFT0tbZw3QlJdXmO6rQHIFoWiFzf7L0DBcY7L05uppH465byOheQHlFtSGx5Yf+pl39dazErneyWA26FBhv0i/U3P2RGHYT6mcWwx3hPvGjq2CN1YzlAYzGy6n8nOdWYag37wDdn3Y+e4uHngHWaWDtEen6WuSqv1QJTp9V9jGUjurH2Rd9g//ArH652weWVvwFWEEgG1BNf0B5sXaQ+4oiBy20T3D0L9+WqrKCOV+dkAEuRZZY4j1tLAuiyj2cHhTUTS9Sz1tDffyMqnlwgTFcbLrN5MlHk0PKrvlNvCbIIL+gYnvH4bHLfrGdUuZrXsSvDZi6ym57ECE/8Khif2/n5BM5n+2ITjDd0PrxO1sNn2Vda/b0kwTLz6qsn0hFVYJKlkAAiFarAFjRg+hhTYFTxiGe8bzdOXyaXOr+CUUg2ocpAoE0ooylTxeDWuv49mkAAAGAb1hrfmmCZ7RWtcgW8ZFrY1iKuDqMwubZNFd3ELVPUrmITTuxfEpL78OypWg/TAdDzmJ2iJ/YsFn6XhVjmYr67nZbgeLdCxadz4EO4DdqXdHMi9N5TbAsp122KRswAq+7fvTiGYQFN+QtvTRV6vZK9zn93si485fZZuWOrAYkxySz75YAcdOQC6pWtPZbsGa5BDqzKDkAh6bteQUGRG8hsrcC1NTek/3j1XTqsxJaQ33tinOay7V4VZ0qQuF8MpWgl8p6TRkzSRrM2jM2paFCif/uAQB3auO/AoXVh1vHCCc8tu4TFivuoBPA0fpqc0ft8MSs3Au2eIe9IcOD5ywObIJ3yt0z/jIiK9xegD9iW4FlsIMgRPNOSeEeVWhOcdcVlxwrEqItEK/XpUf53nWRlcbZWQqJ49weUEvykSIvhxraHbsJPkmmdZBXljJQgj8APOGfLNK5IWqsBSFdpHqZ/ckdpwNxoKPMrrPi/QFDVJyOQUwCnETHlQ08Njqxrhvu","3513302426851078942972903550008283430208103725775971889194218546539410322105652051792311745997110502001156299528764696530595838972047283669120578435888879326893288576001053421761348909515988731349490739208188500954530065297619862014006355545355192234603803626049438143236628662965298964328116228313333113167650823802304145444301186747710210379017224184119996645276222865796027165371528189075500835092156181461183098070537354966634480381920536986505561247671138712443279059520462416661369240732301099974710438416067030847533433293205282138168092601519416562491616520927091849037433534260432823424864547008909405932721711686468165013378799816839410694811211047591014771193959781866900942688826582536435006324250025966745305902461364836521517269440510001227137912259051232249200404495471294403294108136208301240072395449045561176759907689442630142527853524024600172750883628858927171893719883967087148559998266295675033570154245","1441941417090938688615542520078103923677737334437425382060886766201295454021421167444744043011505807211302479733347075022554919640644965138845685460632655647352475327103651889032718009644320524054687181653399253424320609741151826765935707781633053230517370802653970210096193492489947080665740814572376270850134339411074684185495862183269294655668307155126265858852137191564725314927446578238433882157677142588081486197692702430694149880100385301311058192211758236907807312019671967422212534599004243785897155915556242913082816671905949458764495050292791084568000128539497572951148614496244557365332312175968961421941459470599872879429879945011027364320517521130079607468322458343976888712873828548201158894459501285176049515425463744438828519793417964239140111381898307140678186606218290961110702600838344115296526959684856951634496669073416291817361380544209333699080831634527236160656335586943337530823078446009347799334899"
"1017846639821639384576869643673818053582321434786232210683966954949802996915267252497841072059184606762239613094932556783848876556397448594746550772207880809184847818314797670130795459354412732007369492762793275562049160081168922127068985554299182357678809564602819576565983936466404203693415608609495924076094301100452169054868875162875028927048380660602860824457458076736538317617933412260186751608157314417550882649998254775604362868332471186038303007250330578977376401529823467035114886799894215028532594465838173414400848099084796686553104158614254737474489918500676090489587970538338261423202044563993534064794822622732256064097453590893203771735222658627354142905718513416796406412144591150896516516673144884820854015641630495248829489868733001900427487101734001542663039256002673393045128345188520233146210984898317393792803141468781771074618574831741098610745297159925756955790170166879358236522725236237387792220719","AAABgAH04VdGs3wpciiF/RqSldJNTAbUSQ9O5W1qvOvAGk5PkGKqUV4/EGy2eSLyl947cBPe6ApQn3Q7yO3JiBaMA5blP6L8wDcmFL95XGRUO7JxCTdo8//Y2sBkQ30nVKSbwmbJ7nNtSyhZrUp38qNvEj5xCAkGINmTugR2s8agZApnX0FpEpGy4apRrZyNuMm0oj3HuKkjeUS7iLADLEcc9MZSLvjUnE7RZkX8KoXRHdGyNUgzneXi7WXlQHbsJoESsoayehG1ta0zlGMW3TL9DtRQ5OPCHv9YtBME9Tx/TFOd5nAUgLgCs4+hiYesxMOGST2fX/tVSo3UvIyirxLE7Xiva0zHXjDveZ4HQwKdw2H90LSRgF16JJB7WchcOIUHmVBT/lKZPVhR265URaS2qEoe9Yt65QO70BNtcJDEBSJ0cK1Ok7NOu/CzHp8aa/GimXffc4Cu06e37fz6pXjoU3vKTKadyEscdjKfCvu6pOYTWdCEOWRM4OQcU/36l9kI6AAAAYB6UDR2bMEJYJKlUhhxe5XO59HYd2tNQcpzf2zEFOg2Mo0WEHBUf7cwJnGJTmhGZiR1PbUANwYiQegmcpOSyq58uHQEDpO5RwJW2LoJaWH144stfszFTOSQY8AVbD7UmyK5jzcE7rPcJNfPUWPvX+P0BIeL6JlTKiPi+SIiOkhOBIc1LAzWPNPIZHW1YC6MYf0XDNrJA19UJwEya5zj/KYnvPWFMYhhK8M3WA3qiULFVVjQy8Z3IRC0knVTXohhJqVgT4F/MzBNtzQGnfUg/pP/ynu4T4nUSGhW9cASErTaKDS5IL7UOU/qXrJqpqZPnuafPs/fVZx8OXtAJKd0iK71t48acp0G7cW6t2A4HfxxzEikJzx8TOmTPNRWSb4tMG2nAX9j/rr/XcQ8/Gp73EEU2tszUuDMPdydn8PhGwX/RGTtBPnPqF62IqGLSPGR7+RdqAiHZDjVRLNGRfxyD1KO9VGb5Yjp0UWM16N68VuwwZs6oVlvV+5R49HGa6speTQ=","3849159750225009150815072068952159098894328487604483792034047287599980443169409727818238764389003515979391073812109904421229947144536694365097605924133392735554830048487483643193009230233124457805236429775594268014047817261090587166511342406571150330583277379187877335548738227853667290706156574226588061448864971327506800825807595202835485456274802912423217882655824334399086567469785965893439360954262737338978032611890165094625411865798977456666195721719533730498486371983383253898072675194491657479123850914925631654082333450700904834300947854381744618078578011579701276111755836510055765236471081246990484455538237648557166668866240420722322979335302903060041583539552484189367540872518246819574054352668991515761426952987699992177918814609185175630703193233279564108097217435070706855914355811553349298843966886012825569429582230545728078080951509048121269331858914058565459307302019147305898114569321004088139395489180","1824015040067207148757250708001444243208125222914382414545082710330990449871674330006710273303968031918035368182923758378557053999949281293691501669240366711830069534638633279523947365705015276807107141201164358568987528306276187645205513748729335114529291915657317822381171740651330661004429761940704295631105923799609547155450802807654454643522936321018682749251077443031414216874029669139367050013442363279411248264062065066528897957783397044917553940864333086436054257709030441115335027023447230440324170040833181756252580858063609206071889925238726471991103382852646989776720766042259291542625495805502544807055765320965328720145917877950909653449541047215880640674554471585902229934756189786959664816838644021221856547075260272237802250670668098405191897911443622708418159916668121463516563227602759874827592827996956454021414614408315796449754131450655337328815371572884341736165585838013625180614552281718452717026372"
"518182848773210287215095440328199088851952952315584363913400230264807469298770150281323173852620649026857824124487978737625724141228051163608115924712190476187336673893616243312265039648322904720522809514514011379129949753300797331118511206428266293790677459449062806146550329373926468847519007343574417845667416810527690567951879200392577842911815972811304796492853706207343813333891844241691857064003270385305505856265801882813875300398359364948463337035745447276427874651832606972611731274955517456755730980739901752390825351854613806595709006109728760888192739012221712043364418409990717224593650460509046999128192060263709597452691550266422987628853037959866745513618507738960047009904578826141065509464222340650958775104206552036958244901810782709882783871827949964053322573942551898203406366933071523080747571151442549568041977708258712824182594936752004364392777021898686825195253543526871927018735701085178554116408","AAABgF9RhUG1t6stvHaCT614/QgW1S3RqnDhM0d9v7+Y0l1cYMvf0nlwl0hBozfrPs7Fnc9EXWZDbbRRcmFGeuVNCNJekKjiVlCMSadABMmHW+u94IfGLNUOjaeO98t2DhiMrl/ZgYAruOTMOMsmQDdrHCnv8o9E3Mw/dLHCb6iUKyZw+w7E25k6VIXfJD3oDXBGSlo1j8DCyhV59cWf1saTJTOtCSgN6XcQxEmJGgQO7AbPPtdXpQ5RalYq06wWoQU8E0QwCpSSFDwThpucPE6mlcbDIWJxubJfpaeR8chOBRecmq3NmO/DVt0Tg0NT2pg5W5pL9rhWLAs2/pH0CVLbveCqEYwElsAg6g9KPWlRN/f+ZHJMlaSBUrZTBmhTEzBS1FBiWTqqA1F9P6vnig6pSCKS64aqq4dOhREw0Uh4m13dN7FdsfXKvgpQNc4OZnUpY49xJsETJsmM4y6S3kYe2GJejNeMi9Cj4XStgB10+lJHoLd9bRnIkoTngaWS/MrXcQAAAYEAmnZc7QAUuoh/O2BxVeCG4G6jIAXly7GN8UkF1cC3v2BzE3EnGFtI+QTZG50S6xpPDvN4HNZioekc8DwBWwQ+nFUj9P4iblaj8+TDmJmpxRnNfUKWtTtRtGDxeN2auMrYyxuSBwo2ZzHI2H4ZZvd5SdMWj6mf6UEdmoGUKe9Ywy84VE/d/bMcOZRxTkmSX00GQuiF4PZQMKesu9QHtGAeaHyMzsFYXzB/w1atuQbt3nogsSjAMAIRNRaj0B9VGoSP252v5N34UeZsNAtgkTLc3fFEDj0zPfVSipP5WHqLGqmkB0bBspeK8qGGutARnDjB1w63AIcuHtXDvkPn2C5G4POXBw9hclVMNcEc6jf94pCjvHYKC8MRUhXfo86ekSWPwNasokCKCIPzPbgCQw/gL0+AXHn6RrcZXjdpWaeiE+PW0+8LTLtkA5MSzK87pvaT60NSgc0XWSE312lMQyQJr8NDuLEDuFXNOJsMWU2LtO1rE2m2IFcZWJo2lpyT6JJf","4051446726949042499512813940434284518597830859685852960794693778611249992887247233871372268915934601025910258233975800920777914300800091014198981784416646993019743709811621576205140772119140008599074026627775686379606016799348217311098819550077086427345428021508338384710300496708214207960456353989670611993842224901740797271329512498618047617537803499155977479212533654910374739168881011729203443547571536657808275349718206913603346786341803244425148059268669584178534114461757429385282548825433197312216301647932150252771049232686658243144252770993135580333870093123021603104101848518484167931449768228269445406534673668207722717357998000911820382121131691173044784778490489659189214787116869875078988716187425520149817718131445001316628134680888786256091954439763478389859814089856417538289368217814980641157305902298986247639395580483315157231445105141495768072617937520759430742804925695107172934859984603708481719666121","352976377860241579092102967807554987096832556810690069652043917632852060476030583914453546032554952105685533694993402520554311186765230251842800718170257534687961319243804253068026119247590569470726203872260081355545371573004249514499435266230923295100628582015743577952397073278456372088126375378121015948567993334931601979319421618420972841375062066648288776281695393903376891338526884744852684791720079551024151002137948273060353308160595546009861811989307880551395791181225889889099252846608798495994310249570075805131348256189971115094644001814396780050364505600099754726732290001235410496149483378562609222531591044670394220479922061329234263101671010393747671811584020184802325185402066763441830959614127007232321122286838920760194813531621389482347346527333930470745901972752770662054603158025523308702337412145321061478998586816366860313273929020826850645313330940833417230696582920946592543840600900869827881237663"
"2539652761293172216494917783879823552435073917281058035170918472618614114689243532766892413441048419590553480442943499915995528850265025857013141664261947663322302886841076693372928555440506971180056248095650354238563191088543459762933906223254959548150641061709798898417576086081450796123218344130874008466109390415640660743506832291289806285341204435434095856136784807781152071224995845197115704185748133381032446353680983638621090052133836998507228556019206780756458052847268414482311285875787079780439522964395268096828995829698521773337182598650719595353494504344099001531180177164268119414177087225231056960395411964453009227420124751432773558731430769420678646951332233295555232373653141901260491160428514030826995547437520559531786100447531003331973664589947299997262813018133029882507137290485696688408203252551019553020851471287845933736518063658239899267805154473108029443959042811228114699962148388040068706456725","AAABgGW3cVWfFw70niKWAlwE3tbipClwHArPS9qm94aMFb1/JLOMqGZSQvj2o7Tnj02sRzvyme7kTk1taE1L8jIT7z1ZDZjWqa7TbztPLM8BERNIEaXXdecGfPTVlDoVFwNADwDJEDdNuibBRMO6NKuXjGmSANgaZd7FCSEBQXL+yjlpbe7CdF70R44L1/wNDxklY7667ZHO0TK0fTkql6pOYlM5bQckCaA0GqgjOUuUlptLMu4bfj1gcaFoOpeMdmrPoPSawNhe+VrfhmVvAfGTdqVKWEdPkd4HgXOry7O1lzGo2LQgMf0pvymDyLOFyUPyPlf9J8DLaqdAEW2QbrttT23I8kJAbCKpaktO8C161vREd5n2FJ2gnUFUGbzGxPIh9d8zdtGOknVocx/92iqxVNmGa3+oafpk551vfquPuhMs8kKWOjKvfPpdbtmPOy0DyJ5/bBW6GNnZiRHdU4mZmU879lPHN/mQdRaRJKopxQjhJs123l2FjMt30lyfGjp/OgAAAYA486Pi93ZJyJWXzi0v5dLc0KwKZzA4L6nD1QlgfMHj5akhlSuwmlfOKUZqTj7Aq8zy9zLWsolbNczcvhQjGC4chem8lPKMUAZOSJh43CAkfrk7uPWg6UAzBvV1sPtOuYacND+B1SZmUbzjX/FkeNwWexvMbkdjIFlS6yLni88ooREESmWGgsojLjRn1rOirX44TQcZTiTWaQiOP9tVIxDa3w/7auywiVZ2of1xJo1IDNwyQiELMzXoiZhsga0jClgatFVyBtfLa3ssfIxnYmJQIlum2vSQE/4JKyubgYe5INmoFtV9VScAS7h80uIQJgrhwHkC77gtjpuaTI19G73INfO71xG8DY7QgG67ImK4j4oCrsJkEVaQlK/5xTpye6ONN3aMkUYW389Rdtxj4qqwPx0hVwO7un7gUvIXzbdvxRuttl4950ECODhnCDYyiqNKipBEkJImgvAx/ECcZ/8rdo40/ARLLC46ch/UuaquAhazyWcV0Ha2tjtIK1PDqlE=","1120353021018783525023438363575532821835576876556855743403411988913793914578282445764245292099197302156460064901945735803666231395836282704496862949987464644286607901194838551779169790892907626114314192932386868678161295275664256711232360785299330035305813432080215091930866863827443277618415095952621973639003253259871412851057872344284609887555513559168875885489444725989647170582290680535429466755644564273318100357862377482137268496698200587924384661274779318875527414135919867619745514102438618581390981091383439475341227710739696072097834903749830258920869687658987612359778723530254393858015588548819881774337142490453772141804926687690946760658480918663163675360674311452340520954285551296051606358524297298310128284217479383174504490980126729041943947683679901062966174949122748293277000352004924680367331467680157696779530011304840044674177617334774640586568882716689728100041258822134849447349661397385454573432003","490974075894175145762323624161412634084137806643478908832830410229673748062861518933275007780195244661405080968234719773224886485014567245293254436049012767992417414201352744926578710464169537383365281530596360728381154797639123595852619243225836165416610581418119913589918918405786679882973184206164622674452894069367599985287542732657240297368179554255970726186060986532942345767706789068979059903620697755799284179603717252505590401867646040021590661792554565502268241209519596307815125098792795033691203323167346210883895830210582382771008672355105024516630363962467312105437267243612194897751860803632018001473685116635516472921247900899788331913600089515951296052721230909518300893940027263175129678657767569489410225675934784872368118101248338813102665708989068587875857757806819324236763793949617628774954197658892889789608273604028156219344096270414043254780844648999233664934228948424429789006582353243540609618184"
